"2020.acl-main.134","W11-2832","0","0.0387203"
"2020.acl-main.134","D12-1085","1","0.791573"
"2020.acl-main.134","C10-1012","0","0.31125"
"2020.acl-main.134","P81-1022","0","0.697299"
"2020.acl-main.134","P01-1030","0","0.37145"
"2020.acl-main.134","E14-3010","0","0.0162235"
"2020.acl-main.134","Q16-1023","0","0.482967"
"2020.acl-main.134","J99-4005","0","0.652196"
"2020.acl-main.134","H05-1066","0","0.422268"
"2020.acl-main.134","W18-3601","0","0.0548761"
"2020.acl-main.134","D19-6301","0","0.312681"
"2020.acl-main.134","P09-1040","0","0.5824"
"2020.acl-main.134","L16-1262","0","0.0276742"
"2020.acl-main.134","P05-1013","0","0.108146"
"2020.acl-main.134","P02-1040","0","0.107753"
"2020.acl-main.134","N16-1058","0","0.0583907"
"2020.acl-main.134","J03-1005","0","0.173486"
"2020.acl-main.134","D19-6306","1","0.820137"
"2020.acl-main.134","W19-8636","1","0.70168"
"2020.acl-main.134","P09-1038","0","0.0336679"
"2020.coling-main.353","W19-8015","0","0.0269396"
"2020.coling-main.353","D17-1268","0","0.0199201"
"2020.coling-main.353","L16-1262","0","0.0759724"
"2020.iwpt-1.4","P19-1012","1","0.879036"
"2020.iwpt-1.4","K17-3005","0","0.0165218"
"2020.iwpt-1.4","N18-1091","0","0.0624582"
"2020.iwpt-1.4","K18-2005","0","0.384612"
"2020.iwpt-1.4","C12-1059","0","0.0143524"
"2020.iwpt-1.4","Q13-1033","0","0.0392737"
"2020.iwpt-1.4","P11-1068","0","0.0535802"
"2020.iwpt-1.4","P18-1248","0","0.0223401"
"2020.iwpt-1.4","Q16-1023","0","0.374838"
"2020.iwpt-1.4","P05-1012","0","0.624344"
"2020.iwpt-1.4","D19-1279","0","0.0234439"
"2020.iwpt-1.4","D07-1013","0","0.387957"
"2020.iwpt-1.4","N18-1202","0","0.332659"
"2020.iwpt-1.4","D13-1032","0","0.076945"
"2020.iwpt-1.4","D17-1035","0","0.121474"
"2020.iwpt-1.4","N06-2033","0","0.570443"
"2020.iwpt-1.4","W03-3017","0","0.104293"
"2020.iwpt-1.4","N19-1162","0","0.0243401"
"2020.iwpt-1.4","P09-1040","0","0.0234427"
"2020.iwpt-1.4","L18-1457","1","0.887996"
"2020.iwpt-1.4","W09-3811","0","0.0450792"
"2020.iwpt-1.4","P81-1022","0","0.669256"
"2020.iwpt-1.4","P08-1108","0","0.29929"
"2020.iwpt-1.4","P16-2038","0","0.03112"
"2020.iwpt-1.4","N19-1077","0","0.200427"
"2020.iwpt-1.4","W03-3023","0","0.135372"
"2020.iwpt-1.4","K18-2001","0","0.0475706"
"2020.iwpt-1.4","P16-1147","0","0.0575075"
"2020.iwpt-1.4","D08-1059","0","0.0496401"
"2020.lrec-1.115","P19-3018","1","0.352915"
"2020.lrec-1.115","P19-1273","1","0.793254"
"2020.lrec-1.115","J17-3005","0","0.0205038"
"2020.lrec-1.115","W15-4631","0","0.0243993"
"2020.lrec-1.115","D17-1165","0","0.028332"
"2020.lrec-1.636","brants-hansen-2002-developments","0","0.0749346"
"2020.lrec-1.636","K18-2005","0","0.0229868"
"2020.lrec-1.636","K18-2001","0","0.0128765"
"2020.lrec-1.636","P19-1012","1","0.82571"
"2020.lrec-1.636","L18-1348","1","0.896088"
"2020.lrec-1.636","foth-etal-2014-size","0","0.0686843"
"2020.lrec-1.636","P19-1339","0","0.0582477"
"2020.lrec-1.636","L18-1550","0","0.0178882"
"2020.lrec-1.636","D13-1032","0","0.05182"
"2020.lrec-1.636","L16-1262","0","0.0176749"
"2020.lrec-1.636","N18-1202","0","0.0102137"
"2020.lrec-1.636","rohrer-forst-2006-improving","0","0.0823489"
"2020.lrec-1.636","L18-1457","1","0.839918"
"2020.lrec-1.636","seeker-kuhn-2012-making","1","0.757049"
"2020.lrec-1.636","seeker-kuhn-2014-domain","1","0.567568"
"2020.lrec-1.636","A97-1015","0","0.519061"
"2020.lrec-1.859","baroni-etal-2008-cleaneval","0","0.027994"
"2020.lrec-1.859","P04-3031","0","0.246734"
"2020.lrec-1.859","W19-4706","0","0.0197824"
"2020.lrec-1.859","P19-1044","1","0.804653"
"2020.lrec-1.859","E03-1076","0","0.109138"
"2020.lrec-1.859","C18-1117","0","0.137912"
"2020.lrec-1.859","P11-1140","0","0.021557"
"2020.lrec-1.859","H94-1020","0","0.454512"
"2020.lrec-1.859","W19-4707","0","0.0811786"
"2020.lrec-1.859","reynaert-2006-corpus","0","0.0714817"
"2020.lrec-1.859","P19-1072","1","0.47303"
"2020.msr-1.4","P17-1183","0","0.0271995"
"2020.msr-1.4","C10-1012","0","0.0351028"
"2020.msr-1.4","2020.acl-main.665","0","0.0308116"
"2020.msr-1.4","D19-6301","0","0.101047"
"2020.msr-1.4","2020.msr-1.1","0","0.656591"
"2020.msr-1.4","P09-1040","0","0.237158"
"2020.msr-1.4","D19-6306","1","0.930467"
"2020.msr-1.4","2020.acl-main.134","1","0.859074"
"2020.sigmorphon-1.5","Q16-1022","0","0.0616144"
"2020.sigmorphon-1.5","P17-1183","0","0.021931"
"2020.sigmorphon-1.5","D19-1091","0","0.06609"
"2020.sigmorphon-1.5","K17-2002","0","0.0345938"
"2020.sigmorphon-1.5","K17-2010","0","0.0349667"
"2020.sigmorphon-1.5","W03-0407","0","0.18492"
"2020.sigmorphon-1.5","D13-1021","0","0.0299244"
"2020.sigmorphon-1.5","P13-1057","0","0.0301993"
"2020.sigmorphon-1.5","2020.sigmorphon-1.2","0","0.578796"
"2020.sigmorphon-1.5","P15-2111","0","0.0646665"
"2020.sigmorphon-1.5","2020.lrec-1.521","0","0.324908"
"2020.sigmorphon-1.5","L16-1147","0","0.0706111"
"2020.sigmorphon-1.5","P19-1148","0","0.0347615"
"2020.sigmorphon-1.5","P95-1026","0","0.741894"
"2020.sigmorphon-1.5","D16-1163","0","0.0302611"
"2020.udw-1.8","2020.tlt-1.9","0","0.0845961"
"2020.udw-1.8","W17-7624","0","0.0446874"
"2020.udw-1.8","W18-6013","0","0.0897531"
"2020.udw-1.8","L16-1680","0","0.0564055"
"2021.acl-long.543","D16-1250","0","0.0167507"
"2021.acl-long.543","N19-1423","0","0.00972412"
"2021.acl-long.543","P19-1044","1","0.884283"
"2021.acl-long.543","D17-1118","0","0.0958213"
"2021.acl-long.543","D19-1006","0","0.0250897"
"2021.acl-long.543","Q16-1003","0","0.0215972"
"2021.acl-long.543","2020.acl-main.365","0","0.0284746"
"2021.acl-long.543","W11-2508","0","0.0169691"
"2021.acl-long.543","P16-1141","0","0.324875"
"2021.acl-long.543","P19-1379","0","0.0131143"
"2021.acl-long.543","2021.eacl-main.10","1","0.752004"
"2021.acl-long.543","2020.semeval-1.8","1","0.859634"
"2021.acl-long.543","C18-1117","0","0.0170949"
"2021.acl-long.543","2021.eacl-srw.25","1","0.832016"
"2021.acl-long.543","W14-2517","0","0.181317"
"2021.acl-long.543","2020.semeval-1.14","0","0.0605088"
"2021.acl-long.543","2021.naacl-main.369","0","0.0262622"
"2021.acl-long.543","W19-4707","0","0.0189371"
"2021.acl-long.543","2020.semeval-1.21","0","0.0234657"
"2021.acl-long.543","2020.coling-main.90","0","0.0280782"
"2021.acl-long.543","N18-1044","0","0.0178523"
"2021.acl-long.543","P19-1072","1","0.778778"
"2021.acl-long.543","2020.semeval-1.1","1","0.439261"
"2021.acl-long.543","N18-2027","1","0.910751"
"2021.acl-long.543","2021.emnlp-main.567","1","0.783221"
"2021.acl-long.543","J98-1004","0","0.474416"
"2021.acl-long.543","D19-1007","0","0.0346962"
"2021.acl-long.543","tahmasebi-risse-2017-finding","0","0.0168705"
"2021.acl-long.543","E17-1112","0","0.0248711"
"2021.acl-long.543","R19-1139","0","0.0224395"
"2021.acl-long.543","2020.emnlp-main.682","0","0.0358132"
"2021.conll-1.41","W10-3001","0","0.100659"
"2021.conll-1.41","2020.blackboxnlp-1.16","0","0.243528"
"2021.conll-1.41","C10-1076","0","0.0150901"
"2021.conll-1.41","D16-1078","0","0.0163922"
"2021.conll-1.41","S12-1041","0","0.0711798"
"2021.conll-1.41","2021.naacl-srw.3","0","0.0321635"
"2021.conll-1.41","silveira-etal-2014-gold","0","0.0167996"
"2021.conll-1.41","W08-0606","0","0.359635"
"2021.conll-1.41","taboada-etal-2006-methods","0","0.0757208"
"2021.conll-1.41","J12-2005","0","0.0198733"
"2021.conll-1.41","W10-3111","0","0.120875"
"2021.conll-1.41","P15-1064","0","0.015943"
"2021.eacl-srw.25","2020.semeval-1.24","0","0.0500821"
"2021.eacl-srw.25","2020.semeval-1.4","0","0.0237961"
"2021.eacl-srw.25","N19-1423","0","0.188567"
"2021.eacl-srw.25","W17-1202","0","0.0142805"
"2021.eacl-srw.25","P19-1044","1","0.843352"
"2021.eacl-srw.25","D19-1006","0","0.0303503"
"2021.eacl-srw.25","2020.acl-main.365","0","0.0663183"
"2021.eacl-srw.25","N18-1202","0","0.0498661"
"2021.eacl-srw.25","2020.semeval-1.30","0","0.0611414"
"2021.eacl-srw.25","P19-1072","1","0.921379"
"2021.eacl-srw.25","2020.semeval-1.1","1","0.944414"
"2021.eacl-srw.25","N18-2027","1","0.902244"
"2021.iwpt-1.13","C12-1015","0","0.0858586"
"2021.iwpt-1.13","2020.iwpt-1.16","0","0.541538"
"2021.iwpt-1.13","K18-2005","0","0.078768"
"2021.iwpt-1.13","L18-1347","0","0.0598518"
"2021.iwpt-1.13","2020.acl-main.747","0","0.587552"
"2021.iwpt-1.13","W19-3712","0","0.0612874"
"2021.iwpt-1.13","P18-2077","0","0.359346"
"2021.iwpt-1.13","K17-3002","0","0.086566"
"2021.iwpt-1.13","P15-1033","0","0.0134848"
"2021.iwpt-1.13","P19-1012","1","0.847438"
"2021.iwpt-1.13","2020.acl-main.776","0","0.0228099"
"2021.iwpt-1.13","E17-3008","0","0.013435"
"2021.iwpt-1.13","2020.iwpt-1.26","1","0.710515"
"2021.iwpt-1.13","N19-1419","0","0.0236409"
"2021.iwpt-1.13","K18-2013","0","0.0615884"
"2021.iwpt-1.13","2020.iwpt-1.17","0","0.0928859"
"2021.iwpt-1.13","Q16-1023","0","0.0279331"
"2021.iwpt-1.13","D19-1279","0","0.377139"
"2021.iwpt-1.13","D19-1277","0","0.0311765"
"2021.iwpt-1.13","2020.iwpt-1.3","0","0.0600199"
"2021.iwpt-1.13","2021.ccl-1.108","0","0.049919"
"2021.iwpt-1.13","de-marneffe-etal-2014-universal","0","0.382257"
"2021.iwpt-1.13","2021.eacl-demos.10","0","0.401074"
"2021.iwpt-1.13","N18-1202","0","0.329878"
"2021.iwpt-1.13","2020.emnlp-demos.7","0","0.078802"
"2021.iwpt-1.13","2020.emnlp-main.617","0","0.0613614"
"2021.iwpt-1.13","2020.acl-demos.14","0","0.0207677"
"2021.iwpt-1.13","2020.semeval-1.271","0","0.0989717"
"2021.iwpt-1.13","L16-1376","0","0.371779"
"2021.iwpt-1.13","2020.emnlp-main.610","0","0.0228611"
"2021.iwpt-1.13","silveira-etal-2014-gold","0","0.0693114"
"2021.iwpt-1.13","D18-1291","0","0.0459986"
"2021.iwpt-1.13","P19-1452","0","0.0206129"
"2021.iwpt-1.13","2020.emnlp-main.180","0","0.0433389"
"2021.iwpt-1.13","2020.lrec-1.494","0","0.0245564"
"2021.iwpt-1.13","2020.emnlp-demos.6","0","0.0540762"
"2021.iwpt-1.13","2020.acl-main.577","0","0.0256568"
"2021.iwpt-1.13","K18-2001","0","0.0605947"
"2021.konvens-1.24","J90-1003","0","0.381999"
"2021.konvens-1.24","C02-1113","0","0.0853929"
"2021.konvens-1.24","C16-1286","0","0.0123894"
"2021.konvens-1.24","P09-2053","0","0.0394785"
"2021.konvens-1.24","C02-1007","0","0.290666"
"2021.spnlp-1.6","P19-1273","1","0.880202"
"2021.spnlp-1.6","N19-1423","0","0.00748564"
"2021.spnlp-1.6","C04-1197","0","0.44746"
"2021.spnlp-1.6","W06-1616","0","0.0155168"
"2021.spnlp-1.6","W07-1509","0","0.0627328"
"2021.spnlp-1.6","P19-4004","0","0.0219905"
"2021.spnlp-1.6","E17-1119","0","0.13595"
"2021.starsem-1.23","Q16-1003","0","0.0196507"
"2021.starsem-1.23","W06-3812","0","0.116123"
"2021.starsem-1.23","P08-2063","0","0.0652567"
"2021.starsem-1.23","J16-2003","0","0.281058"
"2021.starsem-1.23","W19-4707","0","0.0131734"
"2021.starsem-1.23","2020.semeval-1.1","1","0.799905"
"2021.starsem-1.23","N18-2027","1","0.852785"
"2021.starsem-1.23","2021.emnlp-main.567","1","0.725882"
"2021.starsem-1.23","J98-1004","0","0.880279"
"2021.starsem-1.24","W14-1207","0","0.0682729"
"2021.starsem-1.24","2020.lrec-1.537","1","0.830408"
"2021.starsem-1.24","Q17-1010","0","0.0343167"
"2021.starsem-1.24","bonin-etal-2010-contrastive","0","0.0594013"
"2021.starsem-1.24","L16-1366","0","0.0223248"
"2021.starsem-1.24","W14-5702","0","0.0710014"
"2021.starsem-1.24","W09-3102","0","0.0654895"
"2021.starsem-1.24","W14-4812","0","0.131141"
"2021.starsem-1.24","W14-1202","0","0.0197135"
"2021.starsem-1.24","E17-4012","1","0.771859"
"2021.starsem-1.24","W18-4909","1","0.868072"
"2021.starsem-1.24","W00-0901","0","0.336295"
"2021.starsem-1.24","I11-1024","0","0.0448059"
"2021.starsem-1.24","S16-2020","1","0.903299"
"2021.starsem-1.24","S13-1038","1","0.787126"
"2021.starsem-1.24","W14-4814","0","0.039444"
"2021.starsem-1.24","W17-1722","0","0.0584491"
"blessing-kuhn-2014-textual","C10-1011","0",\N
"blessing-kuhn-2014-textual","zesch-etal-2008-extracting","0",\N
"blessing-kuhn-2014-textual","hinrichs-etal-2010-weblicht","0",\N
"bouma-etal-2010-towards","nivre-etal-2006-talbanken05","0",\N
"bouma-etal-2010-towards","ritz-etal-2008-annotation","0",\N
"bouma-etal-2010-towards","nivre-etal-2006-maltparser","0",\N
"bouma-etal-2010-towards","J93-2004","0",\N
"bouma-etal-2010-towards","W06-2920","0",\N
"bouma-etal-2010-towards","2006.jeptalnrecital-invite.2","0",\N
"bouma-etal-2010-towards","W07-2416","0",\N
"bouma-etal-2010-towards","2005.mtsummit-papers.11","0",\N
"C10-2129","W06-2922","0","0.0131657"
"C10-2129","W09-1210","1","0.879438"
"C10-2129","W06-2920","0","0.0226861"
"C10-2129","D07-1101","0","0.0256126"
"C10-2129","P01-1024","0","0.132315"
"C10-2129","W98-0509","0","0.562004"
"C10-2129","P05-1013","0","0.02721"
"C10-2129","C96-1058","0","0.125123"
"C10-2129","W08-1007","0","0.257232"
"C10-2129","P08-1108","0","0.0752809"
"C10-2129","W06-2933","0","0.0343479"
"C10-2129","W03-3017","0","0.265855"
"C10-2129","P09-1040","0","0.0510405"
"C10-2129","W08-2123","0","0.0137423"
"C10-2129","P95-1037","0","0.0587336"
"C10-2129","W96-0213","0","0.25313"
"C10-2129","P10-1111","1","0.801761"
"C10-2129","W07-2218","0","0.0457627"
"C10-2129","W03-3023","0","0.0797297"
"C10-2129","E06-1011","0","0.041155"
"C10-2129","W08-1008","0",\N
"C10-2129","W09-1201","0",\N
"C10-2163","W02-1503","1","0.801455"
"C10-2163","H01-1035","0","0.0430209"
"C10-2163","W10-2106","1","0.214349"
"C10-2163","W02-2018","0","0.0205207"
"C10-2163","P07-1123","0","0.0605871"
"C10-2163","W96-0213","0","0.182566"
"C10-2163","P02-1035","0","0.0239769"
"C10-2163","rohrer-forst-2006-improving","1","0.844851"
"C12-2014","W09-1210","0","0.025382"
"C12-2014","C10-1011","0","0.163906"
"C12-2014","D07-1101","0","0.0186739"
"C12-2014","W09-1207","0","0.0131477"
"C12-2014","C96-1058","0","0.112341"
"C12-2014","W09-1201","0","0.0589034"
"C12-2014","W08-2123","0","0.0894516"
"C12-2014","D10-1125","0","0.0136582"
"C12-2014","D10-1004","0","0.0135542"
"C12-2014","P05-1012","0","0.356251"
"C12-2014","E06-1011","0","0.469971"
"C12-2014","H05-1066","0","0.351756"
"C12-2014","P05-1013","0","0.493786"
"C12-2014","W06-1616","0","0.0160108"
"C12-2014","W08-2121","0","0.0190783"
"C12-2015","W12-4503","1","0.893178"
"C12-2015","C10-1011","0","0.0347253"
"C12-2015","de-marneffe-etal-2006-generating","0","0.0865919"
"C12-2015","N06-2015","0","0.0411759"
"C12-2015","H05-1004","0","0.200781"
"C12-2015","P02-1014","0","0.0352244"
"C12-2015","W12-4501","0","0.0324236"
"C12-2015","W11-1901","0","0.0331436"
"C12-2015","S10-1001","0","0.0165933"
"C12-2015","J01-4004","0","0.336701"
"C12-2015","M95-1005","0","0.105196"
"C12-2098","N12-1049","0","0.115077"
"C12-2098","N12-1050","0","0.0178452"
"C12-2098","D11-1131","0","0.23449"
"C12-2098","H05-1079","0","0.0287429"
"C12-2098","E12-1071","0","0.0151743"
"C12-2098","W10-3001","0","0.0211716"
"C12-2098","P12-1093","0","0.235566"
"C12-2098","P12-1051","0","0.0503107"
"C12-2098","S12-1020","0","0.260596"
"C12-2098","D12-1040","0","0.119209"
"C12-2098","D10-1119","0","0.0891505"
"C12-2098","P11-1060","0","0.0318252"
"C12-2098","C08-1066","0","0.0520724"
"C12-2098","W07-1431","0","0.182445"
"C12-2098","W06-3907","0","0.271767"
"C12-2098","N06-1056","0","0.14073"
"C12-2105","P04-1082","0","0.203759"
"C12-2105","W11-0417","0","0.208415"
"C12-2105","P03-1055","0","0.710356"
"C12-2105","W11-2912","0","0.42051"
"C12-2105","N10-1115","0","0.0348517"
"C12-2105","P02-1018","0","0.449938"
"C12-2105","P06-2066","0","0.0283657"
"C12-2105","P05-1012","0","0.0104219"
"C12-2105","W04-2407","0","0.0203665"
"C12-2105","W01-0708","0","0.0254884"
"C12-2105","seeker-kuhn-2012-making","1","0.832743"
"C12-2105","D08-1052","0","0.0558341"
"C12-2105","P07-1096","0","0.0170372"
"C12-2105","D11-1116","0","0.134076"
"C12-2105","vincze-etal-2010-hungarian","0","0.105132"
"C12-2105","P11-2033","0","0.0210148"
"C16-1140","P13-1035","0","0.0626801"
"C16-1140","P14-1035","0","0.016233"
"C16-1140","W06-0803","0","0.0368402"
"C16-1140","E06-1002","0","0.0425744"
"C16-1140","D07-1020","0","0.0335363"
"C16-1140","W05-1303","0","0.0463273"
"C16-1140","D07-1074","0","0.0646905"
"C16-1140","hahm-etal-2014-named","0","0.0485454"
"C16-1140","D12-1010","0","0.0412379"
"C16-1140","D11-1072","0","0.0989437"
"C16-1140","W03-0405","0","0.0946814"
"C16-1140","U08-1016","0","0.0329746"
"C16-1140","D11-1141","0","0.022232"
"C18-1298","P14-1005","1","0.839074"
"C18-1298","W12-1632","1","0.784093"
"C18-1298","W03-2410","0","0.47367"
"C18-1298","W16-0702","0","0.541236"
"C18-1298","P94-1002","0","0.0379888"
"C18-1298","D13-1077","0","0.809571"
"C18-1298","N13-1111","0","0.556415"
"C18-1298","D14-1222","0","0.112242"
"C18-1298","C16-1177","0","0.55501"
"C18-1298","P12-1084","0","0.148776"
"C18-1298","nissim-etal-2004-annotation","0","0.19271"
"C18-1298","poesio-artstein-2008-anaphoric","0","0.175188"
"C18-1298","J98-2001","0","0.916235"
"C18-1298","W97-1301","0","0.858609"
"C18-1298","P04-1019","0","0.852015"
"C18-1298","E12-1081","0","0.244605"
"C18-1298","recasens-etal-2010-typology","0","0.0227719"
"C18-1298","recasens-etal-2012-annotating","0","0.0200627"
"C18-1298","W16-0709","0","0.0619697"
"C18-1298","W18-0705","1","0.867419"
"C18-1298","L16-1275","1","0.631622"
"C18-1298","L18-1058","0","0.2723"
"C18-1298","W18-0703","1","0.455527"
"C18-1298","W16-5304","0","0.0219548"
"C18-1298","P97-1072","0","0.699389"
"C18-2026","C16-2024","0","0.0586206"
"C18-2026","P14-5010","0","0.00436528"
"C18-2026","C16-2031","0","0.0149071"
"C96-2113","C96-1057","0","0.053427"
"D12-1085","P11-2040","0","0.0226499"
"D12-1085","W11-2832","0","0.241299"
"D12-1085","C10-1012","1","0.879608"
"D12-1085","W11-2835","1","0.79302"
"D12-1085","P98-1026","0","0.161246"
"D12-1085","W06-2920","0","0.0163117"
"D12-1085","W07-2303","0","0.0304587"
"D12-1085","P01-1024","0","0.0448278"
"D12-1085","P07-1041","0","0.0267414"
"D12-1085","N09-2057","0","0.133446"
"D12-1085","C02-1036","0","0.215683"
"D12-1085","P01-1029","0","0.0320148"
"D12-1085","W11-2833","0","0.0579172"
"D12-1085","W09-1201","0","0.070125"
"D12-1085","P09-1091","0","0.0665074"
"D12-1085","P98-1106","0","0.0820264"
"D12-1085","P95-1024","0","0.0216643"
"D12-1085","kow-belz-2012-lg","0","0.0286802"
"D12-1085","P98-1116","0","0.302823"
"D12-1085","P05-1013","0","0.592937"
"D12-1085","E89-1014","0","0.400442"
"D12-1085","C04-1097","0","0.282171"
"D12-1085","seeker-kuhn-2012-making","1","0.896576"
"D12-1085","W11-2834","0","0.0293792"
"D12-1085","vincze-etal-2010-hungarian","0","0.062248"
"D12-1085","E09-1097","0","0.0255443"
"D12-1085","D09-1043","0","0.0262488"
"D12-1085","C98-1112","0",\N
"D12-1085","C98-1102","0",\N
"D12-1085","C98-1026","0",\N
"D13-1033","D12-1133","0","0.0148322"
"D13-1033","carreras-etal-2004-freeling","0","0.0100495"
"D13-1033","D07-1022","0","0.0250798"
"D13-1033","W02-1001","0","0.0181228"
"D13-1033","E12-1007","0","0.0160997"
"D13-1033","W10-1412","0","0.0699872"
"D13-1033","J13-1007","0","0.123268"
"D13-1033","P08-1043","0","0.0196924"
"D13-1033","A00-2013","0","0.440398"
"D13-1033","W09-1201","0","0.0572687"
"D13-1033","N12-1032","0","0.0209379"
"D13-1033","P11-1089","0","0.013736"
"D13-1033","J13-1008","0","0.0263949"
"D13-1033","P04-2011","0","0.0366751"
"D13-1033","C08-1098","0","0.0197015"
"D13-1033","seeker-kuhn-2012-making","1","0.824277"
"D13-1033","J13-1004","1","0.80519"
"D13-1033","H05-1060","0","0.606227"
"D13-1033","E09-1087","0","0.184171"
"D13-1033","tron-etal-2006-morphdb","0","0.0742457"
"D13-1033","W10-1405","0","0.0308968"
"D13-1033","W10-1401","0","0.0414481"
"D13-1033","vincze-etal-2010-hungarian","0","0.0641366"
"D13-1033","chrupala-etal-2008-learning","0",\N
"D13-1194","W09-1206","0","0.0764022"
"D13-1194","C08-1031","0","0.337529"
"D13-1194","P13-1094","0","0.0250735"
"D13-1194","W03-2102","0","0.0224883"
"D13-1194","P09-2039","0","0.508686"
"D13-1194","P11-1164","0","0.0947295"
"D17-1288","L16-1153","0","0.40293"
"D17-1288","L16-1155","0","0.303563"
"D17-1288","R13-1024","1","0.891283"
"D17-1288","N13-1037","0","0.0635648"
"D17-1288","W11-2123","0","0.00984297"
"D17-1288","2015.lilt-12.3","0","0.0223976"
"D17-1288","P07-2045","0","0.0120415"
"D17-1288","D16-1218","0","0.0284517"
"D17-1288","P03-1021","0","0.0177621"
"D17-1288","W96-0108","0","0.62377"
"D17-1288","reynaert-2008-errors","0","0.15938"
"D17-2012","P17-1148","1","0.914217"
"D17-2012","N06-1056","0","0.171317"
"D17-2012","P09-1110","0",\N
"D19-6306","W19-7911","1","0.408633"
"D19-6306","P17-1183","0","0.0415336"
"D19-6306","W19-8636","1","0.201402"
"D19-6306","C16-1274","0","0.0667815"
"D19-6306","D12-1085","1","0.838767"
"D19-6306","C10-1012","0","0.705967"
"D19-6306","D19-6301","0","0.0978772"
"D19-6306","L16-1262","0","0.0429906"
"D19-6306","N16-1058","0","0.0805804"
"E12-1009","W06-2922","0","0.0623484"
"E12-1009","W09-1210","1","0.861553"
"E12-1009","C10-1011","1","0.415151"
"E12-1009","W08-2102","0","0.0715818"
"E12-1009","D07-1101","0","0.438734"
"E12-1009","P04-1015","0","0.430939"
"E12-1009","W02-1001","0","0.0950514"
"E12-1009","C96-1058","0","0.408336"
"E12-1009","W08-0804","0","0.0157914"
"E12-1009","W09-1205","0","0.06999"
"E12-1009","N10-1115","0","0.0312009"
"E12-1009","P10-1151","0","0.0272703"
"E12-1009","W09-1201","0","0.0368525"
"E12-1009","P10-1110","0","0.656844"
"E12-1009","W06-2930","0","0.248217"
"E12-1009","W08-2123","0","0.0286038"
"E12-1009","P98-1106","0","0.115036"
"E12-1009","P10-1001","0","0.195548"
"E12-1009","P08-1068","0","0.0443972"
"E12-1009","W02-2016","0","0.0284448"
"E12-1009","P11-1068","0","0.0308158"
"E12-1009","D10-1004","0","0.0466354"
"E12-1009","E06-1011","0","0.45361"
"E12-1009","P05-1012","0","0.726541"
"E12-1009","P08-1108","0","0.06918"
"E12-1009","P05-1013","0","0.122173"
"E12-1009","W09-3811","0","0.03112"
"E12-1009","W03-3017","0","0.506576"
"E12-1009","P09-1040","0","0.475175"
"E12-1009","N06-2033","0","0.0409521"
"E12-1009","D09-1058","0","0.0832753"
"E12-1009","W07-2218","0","0.100726"
"E12-1009","W03-3023","0","0.815496"
"E12-1009","D08-1059","0","0.846364"
"E12-1009","P11-2033","0","0.688368"
"E12-1009","C98-1102","0",\N
"E12-1078","J08-1001","0","0.0278889"
"E12-1078","N04-1015","0","0.0247948"
"E12-1078","E06-1040","0","0.021211"
"E12-1078","W10-1834","0","0.0221106"
"E12-1078","P09-1092","1","0.943535"
"E12-1078","W07-2303","1","0.935476"
"E12-1078","P09-2025","1","0.85901"
"E12-1078","P10-1020","0","0.0149304"
"E12-1078","J10-3005","0","0.0482"
"E12-1078","N09-2057","0","0.0249541"
"E12-1078","J95-2003","0","0.940218"
"E12-1078","J09-1003","0","0.017767"
"E12-1078","W05-0311","0","0.0198734"
"E12-1078","J04-3003","0","0.0644019"
"E12-1078","C04-1097","0","0.267231"
"E12-1078","ritz-etal-2008-annotation","0","0.025282"
"E12-1078","rohrer-forst-2006-improving","0","0.0276056"
"E12-1078","2005.mtsummit-papers.15","0","0.019652"
"E12-1078","J91-1002","0",\N
"E14-2015","agarwal-etal-2012-gui","0","0.0343763"
"E14-2015","ambati-etal-2010-high","0","0.0699051"
"E14-2015","E03-1068","0","0.661013"
"E14-2015","P13-4010","1","0.431846"
"E14-2015","seeker-kuhn-2012-making","1","0.859235"
"ghayoomi-kuhn-2014-converting","C10-1026","0",\N
"ghayoomi-kuhn-2014-converting","candito-etal-2010-statistical","0",\N
"ghayoomi-kuhn-2014-converting","nivre-etal-2006-maltparser","0",\N
"ghayoomi-kuhn-2014-converting","J93-2004","0",\N
"ghayoomi-kuhn-2014-converting","W12-5205","0",\N
"ghayoomi-kuhn-2014-converting","W09-1210","0",\N
"ghayoomi-kuhn-2014-converting","C10-2162","0",\N
"ghayoomi-kuhn-2014-converting","W09-0806","0",\N
"ghayoomi-kuhn-2014-converting","W08-1301","0",\N
"ghayoomi-kuhn-2014-converting","P05-2013","0",\N
"ghayoomi-kuhn-2014-converting","N13-1031","0",\N
"ghayoomi-kuhn-2014-converting","rambow-etal-2002-dependency","0",\N
"ghayoomi-kuhn-2014-converting","W98-0141","0",\N
"glaser-kuhn-2014-exploring","N04-1002","0",\N
"glaser-kuhn-2014-exploring","E06-1002","0",\N
"glaser-kuhn-2014-exploring","N03-1033","0",\N
"glaser-kuhn-2014-exploring","D08-1029","0",\N
"glaser-kuhn-2014-exploring","W11-1902","0",\N
"glaser-kuhn-2014-exploring","J13-4004","0",\N
"glaser-kuhn-2014-exploring","W03-0405","0",\N
"glaser-kuhn-2014-exploring","N13-1071","0",\N
"glaser-kuhn-2014-exploring","D07-1074","0",\N
"glaser-kuhn-2014-exploring","D10-1048","0",\N
"glaser-kuhn-2014-exploring","W04-0701","0",\N
"glaser-kuhn-2014-exploring","P05-1045","0",\N
"J13-1004","W06-2920","0","0.0156525"
"J13-1004","D07-1101","0","0.10434"
"J13-1004","D07-1022","0","0.126504"
"J13-1004","P99-1065","0","0.0863118"
"J13-1004","W04-1903","0","0.0119856"
"J13-1004","1997.iwpt-1.10","0","0.238347"
"J13-1004","J08-3003","0","0.0121532"
"J13-1004","P06-1041","0","0.0256585"
"J13-1004","W09-1205","0","0.0422141"
"J13-1004","W10-1412","0","0.201064"
"J13-1004","P08-1043","0","0.052872"
"J13-1004","W09-1201","0","0.0188074"
"J13-1004","W08-2123","0","0.111765"
"J13-1004","W09-3816","0","0.0253093"
"J13-1004","P07-2051","0","0.0736356"
"J13-1004","P11-1089","0","0.112575"
"J13-1004","P09-1039","0","0.00892267"
"J13-1004","W10-1402","0","0.0465328"
"J13-1004","E06-1011","0","0.0845869"
"J13-1004","H05-1066","0","0.0325737"
"J13-1004","W06-1616","0","0.019228"
"J13-1004","C04-1056","0","0.0266917"
"J13-1004","seeker-kuhn-2012-making","1","0.0821034"
"J13-1004","W11-2908","1","0.927835"
"J13-1004","P10-1111","1","0.89407"
"J13-1004","E09-1087","0","0.0415708"
"J13-1004","tron-etal-2006-morphdb","0","0.169171"
"J13-1004","W10-1401","0","0.341952"
"J13-1004","C08-1112","0","0.186944"
"J13-1004","W10-1405","0","0.240971"
"J13-1004","W09-3820","0","0.0926442"
"J13-1004","vincze-etal-2010-hungarian","0","0.062977"
"J13-1004","W09-1210","0",\N
"J13-1004","W08-1008","0",\N
"J13-1004","J08-4010","0",\N
"J13-1004","D07-1096","0",\N
"J13-1004","R09-1033","0",\N
"K17-3004","P13-2107","0","0.0237642"
"K17-3004","P13-2109","0","0.0166876"
"K17-3004","W15-2210","1","0.928805"
"K17-3004","E06-1011","0","0.0402545"
"K17-3004","C10-1011","0","0.0214778"
"K17-3004","D13-1032","0","0.0760477"
"K17-3004","D07-1101","0","0.0473344"
"K17-3004","P09-1040","0","0.0608383"
"K17-3004","1997.iwpt-1.10","0","0.452706"
"K17-3004","W09-3811","0","0.0242323"
"K17-3004","W15-2215","1","0.846371"
"K17-3004","E14-4030","0","0.127624"
"K17-3004","P15-2040","0","0.0290492"
"K17-3004","N06-2033","0","0.227525"
"K17-3004","I08-3008","0","0.0501808"
"K17-3004","L16-1680","0","0.0500934"
"K17-3004","P16-1147","0","0.0776238"
"K17-3004","D08-1059","0","0.0326841"
"K17-3004","P17-2106","1","0.795112"
"kessler-kuhn-2014-corpus","C08-1031","0",\N
"kessler-kuhn-2014-corpus","P11-1164","0",\N
"kessler-kuhn-2014-corpus","D13-1194","1",\N
"kessler-kuhn-2014-corpus","P08-1031","0",\N
"kuhn-mateo-toledo-2004-applying","E99-1010","0",\N
"L16-1024","S10-1022","0","0.0424313"
"L16-1024","P06-1005","0","0.0201218"
"L16-1024","P14-1005","1","0.886336"
"L16-1024","D12-1133","0","0.0529307"
"L16-1024","S10-1021","0","0.144014"
"L16-1024","broscheit-etal-2010-extending","0","0.165505"
"L16-1024","P15-1136","0","0.0181868"
"L16-1024","P13-4006","0","0.0154263"
"L16-1024","Q14-1037","0","0.0127333"
"L16-1024","R11-1025","0","0.577063"
"L16-1024","S10-1018","0","0.03582"
"L16-1024","W15-0711","0","0.51385"
"L16-1024","P10-1142","0","0.0149622"
"L16-1024","P06-1055","0","0.00729599"
"L16-1024","W11-1901","0","0.0465187"
"L16-1024","W12-4501","0","0.138625"
"L16-1024","W09-2411","0","0.15904"
"L16-1024","S10-1019","0","0.058237"
"L16-1024","S10-1001","0",\N
"L16-1684","W13-3520","0","0.0265152"
"L16-1684","P06-3002","0","0.0765752"
"L16-1684","W06-1615","0","0.216707"
"L16-1684","W13-2302","0","0.144973"
"L16-1684","P11-1061","0","0.0313453"
"L16-1684","N13-1037","0","0.0218705"
"L16-1684","W13-4811","0","0.0382174"
"L16-1684","N13-1014","0","0.284664"
"L16-1684","N06-1041","0","0.555743"
"L16-1684","N15-1144","0","0.0223553"
"L16-1684","melero-etal-2012-holaaa","0","0.0608663"
"L16-1684","N13-1090","0","0.0591527"
"L16-1684","D07-1041","0","0.0694361"
"L16-1684","P09-1057","0","0.03077"
"L16-1684","P10-1040","0","0.0242359"
"L16-1684","W11-2205","0","0.0162612"
"L16-1684","I08-3008","0","0.0608463"
"L18-1176","P06-4018","0","0.0231969"
"L18-1176","P02-1022","0","0.182902"
"L18-1176","W14-5201","0","0.0616075"
"L18-1176","francopoulo-etal-2006-lexical","0","0.0434817"
"L18-1176","P13-4010","1","0.844718"
"L18-1176","P14-5002","1","0.909909"
"L18-1176","P15-4005","1","0.889635"
"L18-1176","W09-1201","0","0.0168097"
"L18-1176","P10-4005","0","0.0327022"
"L18-1176","W07-1501","0","0.027866"
"L18-1176","W03-0804","0","0.10868"
"L18-1176","L16-1073","0","0.0196131"
"L18-1176","W11-1901","0","0.0374717"
"L18-1176","P15-2014","0","0.0136657"
"L18-1348","bjorkelund-etal-2014-extended","1","0.862232"
"L18-1348","P16-1181","1","0.890172"
"L18-1348","W06-2920","0","0.554934"
"L18-1348","N15-1140","0","0.0316116"
"L18-1348","D13-1146","0","0.0752313"
"L18-1348","C12-1068","1","0.840008"
"L18-1348","D13-1032","0","0.0807082"
"L18-1348","P09-1040","0","0.0836806"
"L18-1348","W13-4917","0","0.0705691"
"L18-1348","seeker-kuhn-2012-making","1","0.856669"
"L18-1348","seeker-kuhn-2014-domain","1","0.620377"
"L18-1348","L16-1680","0","0.0712223"
"L18-1348","L16-1258","0","0.0695382"
"L18-1348","zeman-etal-2012-hamledt","0","0.0735739"
"L18-1348","K17-3001","0","0.0233355"
"L18-1457","W15-2210","0","0.0350935"
"L18-1457","W13-4916","0","0.0641374"
"L18-1457","bjorkelund-etal-2014-extended","1","0.896131"
"L18-1457","P16-1181","1","0.906874"
"L18-1457","K17-3004","1","0.917064"
"L18-1457","D12-1133","0","0.0321613"
"L18-1457","C10-1011","0","0.0390573"
"L18-1457","D14-1082","0","0.0467379"
"L18-1457","L18-1304","1","0.882906"
"L18-1457","E03-1068","0","0.0828341"
"L18-1457","P13-4010","1","0.873529"
"L18-1457","W09-1201","0","0.105048"
"L18-1457","W12-4501","0","0.0556463"
"L18-1457","rebholz-schuhmann-etal-2010-calbc","0","0.342589"
"L18-1457","N06-2033","0","0.112192"
"L18-1457","C04-1024","0","0.0830128"
"L18-1457","P06-1023","0","0.0361631"
"L18-1457","E14-2015","1","0.931714"
"N18-1066","P17-2098","1","0.837602"
"N18-1066","P13-2009","0","0.183632"
"N18-1066","C08-5001","0","0.0346971"
"N18-1066","E09-2008","0","0.0321984"
"N18-1066","P16-1195","0","0.0302132"
"N18-1066","D13-1160","1","0.747"
"N18-1066","P16-1002","0","0.181603"
"N18-1066","D11-1131","0","0.0737932"
"N18-1066","C14-1122","0","0.103952"
"N18-1066","P12-1051","0","0.57328"
"N18-1066","P17-1005","0","0.0813129"
"N18-1066","J99-4005","0","0.145502"
"N18-1066","knight-al-onaizan-1998-translation","0","0.0889234"
"N18-1066","deng-chrupala-2014-semantic","0","0.0242857"
"N18-1066","D16-1116","0","0.0350275"
"N18-1066","P16-1004","0","0.0550629"
"N18-1066","D10-1119","0","0.180033"
"N18-1066","K17-1038","0","0.093166"
"N18-1066","J13-2005","0","0.0524802"
"N18-1066","D15-1166","0","0.0188769"
"N18-1066","W17-3516","1","0.852695"
"N18-1066","I17-2053","0","0.0975531"
"N18-1066","N16-1161","0","0.0280835"
"N18-1066","N06-1056","0","0.487003"
"N18-1066","P17-1041","0","0.0277633"
"N18-1066","J03-1002","0","0.0145505"
"N18-1066","P09-1110","0","0.0929458"
"N18-1066","P17-1105","0","0.0280205"
"N18-1066","D16-1163","0","0.0234111"
"N18-1066","D17-2012","1","0.0587922"
"N18-1066","D16-1162","0",\N
"N18-1066","E17-1035","0",\N
"N18-1066","P16-1162","0",\N
"P00-1046","C00-1062","0",\N
"P00-1046","C88-2128","0",\N
"P00-1046","P83-1021","0",\N
"P00-1046","P96-1027","0",\N
"P00-1061","P99-1035","1","0.867771"
"P00-1061","P97-1003","0","0.125027"
"P00-1061","A94-1009","0","0.0611326"
"P00-1061","A00-2021","1","0.883041"
"P00-1061","P99-1069","1","0.492297"
"P00-1061","J93-2004","0","0.0541982"
"P00-1061","P92-1017","0","0.134096"
"P00-1061","C00-2094","1","0.846315"
"P00-1061","W97-0301","0","0.0177929"
"P02-1007","P97-1040","0","0.0320603"
"P02-1007","J98-2006","0","0.0223955"
"P02-1007","W00-1804","0","0.0694324"
"P02-1007","P99-1069","0","0.0333419"
"P02-1007","C00-1062","0","0.1441"
"P02-1007","W98-1301","0","0.0147268"
"P02-1007","P00-1046","1","0.769667"
"P02-1007","P00-1061","1","0.855653"
"P02-1007","P02-1035","0","0.0122174"
"P03-1025","W03-3006","0","0.0427677"
"P03-1025","P97-1058","0","0.0212298"
"P03-1025","P98-1101","0","0.0208502"
"P03-1025","2000.iwpt-1.15","0","0.0740488"
"P03-1025","J00-1003","0","0.0907457"
"P03-1025","C98-1098","0",\N
"P03-1025","P91-1032","0",\N
"P04-1060","P99-1065","0","0.0192693"
"P04-1060","P02-1017","0","0.0729344"
"P04-1060","N03-1017","0","0.00607272"
"P04-1060","J03-1002","0","0.00717426"
"P04-1060","C00-2139","0","0.0526754"
"P04-1060","J97-3002","0","0.0599752"
"P04-1060","N01-1026","0","0.043065"
"P06-2048","P93-1005","0","0.0751732"
"P06-2048","A00-2018","0","0.238607"
"P06-2048","P01-1017","0","0.0269819"
"P06-2048","P96-1025","0","0.0767039"
"P06-2048","J98-4004","0","0.0435103"
"P06-2048","P03-1054","0","0.222459"
"P06-2048","P95-1037","0","0.0791806"
"P06-2048","W97-0301","0","0.0285936"
"P06-2048","J03-4003","0",\N
"P09-2010","W06-2920","0","0.130123"
"P09-2010","W02-1503","0","0.0983016"
"P09-2010","J08-1003","0","0.0471193"
"P09-2010","W08-1705","0","0.0186163"
"P09-2010","J93-2004","0","0.033081"
"P09-2010","P08-1108","0","0.553644"
"P09-2010","nivre-etal-2006-maltparser","0","0.310635"
"P09-2010","W06-2933","0","0.051148"
"P09-2010","P02-1035","0","0.0355219"
"P09-2010","D07-1096","0",\N
"P10-1111","W97-0307","0","0.140606"
"P10-1111","W02-1503","0","0.0974823"
"P10-1111","P04-1041","1","0.830825"
"P10-1111","J08-1003","1","0.872782"
"P10-1111","P06-2018","1","0.937482"
"P10-1111","W04-1905","0","0.0139116"
"P10-1111","W07-1203","0","0.18101"
"P10-1111","P03-1054","0","0.0158506"
"P10-1111","P07-2051","0","0.192396"
"P10-1111","H05-1064","0","0.0761706"
"P10-1111","P95-1037","0","0.0370794"
"P10-1111","P09-1039","0","0.0685521"
"P10-1111","E06-1011","0","0.201487"
"P10-1111","P06-1055","0","0.069168"
"P10-1111","C04-1197","0","0.0154566"
"P10-1111","W04-2401","0","0.0408733"
"P10-1111","C08-1112","0","0.0700124"
"P10-1111","A00-2031","0",\N
"P10-1111","J08-2005","0",\N
"P10-1111","J96-1002","0",\N
"P11-1101","W10-4201","0","0.0187591"
"P11-1101","W10-4237","0","0.0289516"
"P11-1101","W05-1601","0","0.202581"
"P11-1101","C10-1012","0","0.0336633"
"P11-1101","P09-1092","1","0.897952"
"P11-1101","W07-2303","1","0.906034"
"P11-1101","D09-1046","0","0.0256955"
"P11-1101","P07-1041","0","0.351701"
"P11-1101","N09-2057","0","0.0127313"
"P11-1101","W07-1203","0","0.135806"
"P11-1101","P10-1160","0","0.0208723"
"P11-1101","J95-2003","0","0.192951"
"P11-1101","P98-1116","0","0.0627281"
"P11-1101","W05-1510","0","0.0227506"
"P11-1101","A00-2026","0","0.142822"
"P11-1101","P00-1061","1","0.519387"
"P11-1101","P02-1035","0","0.0210818"
"P11-1101","C04-1097","0","0.120095"
"P11-1101","rohrer-forst-2006-improving","0","0.198238"
"P11-1101","W06-1661","0","0.236129"
"P11-1101","W09-2602","1","0.842156"
"P11-1101","C98-1112","0",\N
"P13-1152","W10-4226","0","0.214049"
"P13-1152","W07-2302","0","0.0189498"
"P13-1152","W11-2832","0","0.265471"
"P13-1152","W05-1601","0","0.0230272"
"P13-1152","C10-1012","0","0.0218968"
"P13-1152","W11-2835","0","0.025502"
"P13-1152","D12-1085","1","0.883203"
"P13-1152","C10-1011","0","0.0710366"
"P13-1152","P09-1092","0","0.0280708"
"P13-1152","P89-1009","0","0.315072"
"P13-1152","P84-1107","0","0.138315"
"P13-1152","P07-1041","0","0.018174"
"P13-1152","P10-1160","0","0.0256792"
"P13-1152","J95-2003","0","0.12689"
"P13-1152","P88-1020","0","0.263536"
"P13-1152","P98-1116","0","0.120748"
"P13-1152","W05-0618","0","0.187792"
"P13-1152","A00-1017","0","0.059807"
"P13-1152","A00-2026","0","0.0370846"
"P13-1152","W94-0319","0","0.166386"
"P13-1152","C04-1097","0","0.0334446"
"P13-1152","S12-1030","0","0.0118512"
"P13-1152","W09-2417","0","0.0358082"
"P13-1152","seeker-kuhn-2012-making","1","0.802563"
"P13-1152","P04-1052","0","0.0926647"
"P13-1152","E12-2021","0","0.0583566"
"P13-1152","W12-1506","0","0.0114807"
"P13-1152","W94-0316","0","0.050514"
"P13-1152","P11-1101","1","0.876126"
"P13-1152","E12-1078","1","0.848057"
"P13-1152","W09-0629","0",\N
"P13-1152","S10-1008","0",\N
"P13-1152","C98-1112","0",\N
"P13-4010","heid-etal-2010-corpus","0","0.0235429"
"P13-4010","nilsson-nivre-2008-malteval","0","0.0331078"
"P13-4010","P09-4009","0","0.100209"
"P13-4010","augustinus-etal-2012-example","0","0.0975963"
"P13-4010","C10-1011","0",\N
"P13-4010","W08-2121","0",\N
"P13-4010","C00-2143","0",\N
"P13-4010","C12-3022","0",\N
"P14-1005","P04-1015","0","0.183344"
"P14-1005","J08-1001","0","0.0511536"
"P14-1005","D08-1031","0","0.448918"
"P14-1005","W02-1001","0","0.918463"
"P14-1005","P06-1005","0","0.169432"
"P14-1005","N07-1011","0","0.424004"
"P14-1005","W12-4503","1","0.562918"
"P14-1005","W11-2835","0","0.0130941"
"P14-1005","H05-1013","0","0.194685"
"P14-1005","C10-1011","0","0.0131714"
"P14-1005","W12-4513","0","0.374185"
"P14-1005","D13-1057","0","0.463286"
"P14-1005","D13-1203","0","0.664673"
"P14-1005","W09-1119","0","0.03528"
"P14-1005","W12-4502","0","0.196831"
"P14-1005","N12-1015","0","0.0372225"
"P14-1005","J01-4004","0","0.660476"
"P14-1005","C12-1154","0","0.184632"
"P14-1005","P08-1067","0","0.0357791"
"P14-1005","P09-1074","0","0.0823464"
"P14-1005","P04-1018","0","0.164572"
"P14-1005","H05-1004","0","0.115522"
"P14-1005","M95-1005","0","0.886338"
"P14-1005","P08-1096","0","0.0678172"
"P14-1005","P02-1014","0","0.627581"
"P14-1005","P10-1142","0","0.266475"
"P14-1005","D08-1059","0","0.010665"
"P14-1005","W12-4501","0","0.558547"
"P14-1005","D08-1067","0",\N
"P14-1005","W12-4504","0",\N
"P14-5002","W03-2120","0","0.0619036"
"P14-5002","P09-4009","0","0.18117"
"P14-5002","W11-1901","0","0.146758"
"P14-5002","W12-4501","0","0.389193"
"P14-5002","J08-1001","0","0.20091"
"P14-5002","W09-2411","0","0.0702445"
"P14-5002","P06-1005","0","0.0507793"
"P14-5002","P14-1005","1","0.896968"
"P14-5002","J01-4004","0","0.230686"
"P14-5002","W08-1301","0","0.13158"
"P14-5002","D13-1203","0","0.0407813"
"P14-5002","W12-4502","0","0.057506"
"P14-5002","P13-4001","0","0.0331629"
"P14-5002","P13-4010","1","0.642783"
"P14-5002","S10-1001","0",\N
"P14-5002","E12-2021","0",\N
"P15-4005","P14-5002","1","0.702881"
"P15-4005","P09-4009","0","0.0332692"
"P15-4005","W11-1901","0","0.0516759"
"P15-4005","W12-4501","0","0.0202415"
"P15-4005","bjorkelund-etal-2014-extended","1","0.895416"
"P15-4005","wittenburg-etal-2006-elan","0","0.0556697"
"P15-4005","P13-4010","1","0.707635"
"P16-1181","P14-1005","1","0.90603"
"P16-1181","E12-1009","1","0.835499"
"P16-1181","D12-1133","0","0.0390108"
"P16-1181","Q13-1034","0","0.0336713"
"P16-1181","C10-1011","0","0.0284067"
"P16-1181","N01-1016","0","0.0829751"
"P16-1181","P04-1015","0","0.622206"
"P16-1181","W02-1001","0","0.398689"
"P16-1181","de-marneffe-etal-2006-generating","0","0.0484482"
"P16-1181","W13-5715","0","0.0926384"
"P16-1181","D13-1146","0","0.0805111"
"P16-1181","I11-1136","0","0.0199477"
"P16-1181","P10-1110","0","0.0616141"
"P16-1181","N12-1015","0","0.102802"
"P16-1181","J06-4003","0","0.019207"
"P16-1181","P14-5010","0","0.0133731"
"P16-1181","J93-2004","0","0.0582492"
"P16-1181","D13-1032","0","0.0885763"
"P16-1181","W09-3811","0","0.0297112"
"P16-1181","P13-1013","0","0.0974686"
"P16-1181","W03-3017","0","0.076596"
"P16-1181","P14-1125","0","0.0124128"
"P16-1181","P09-1040","0","0.604381"
"P16-1181","C12-2096","0","0.240249"
"P16-1181","N15-1162","0","0.0134016"
"P16-1181","A97-1004","0","0.399467"
"P16-1181","D13-1112","0","0.0669319"
"P16-1181","D08-1059","0","0.193985"
"P16-1181","P11-2033","0","0.203463"
"P16-1181","P13-1074","0","0.0734703"
"P16-1181","P13-2111","0",\N
"P17-1148","D15-1198","0","0.01974"
"P17-1148","W13-2322","0","0.0317972"
"P17-1148","D13-1160","0","0.639395"
"P17-1148","P14-1133","0","0.0300018"
"P17-1148","D11-1131","0","0.0773203"
"P17-1148","J93-2003","0","0.0984798"
"P17-1148","deng-chrupala-2014-semantic","0","0.238474"
"P17-1148","P16-1004","0","0.0129711"
"P17-1148","P08-1115","0","0.012138"
"P17-1148","P16-1195","0","0.0210219"
"P17-1148","P16-1002","0","0.0146912"
"P17-1148","N03-1017","0","0.0246834"
"P17-1148","P14-1026","0","0.018472"
"P17-1148","N13-1103","0","0.0181533"
"P17-1148","D10-1119","0","0.0277056"
"P17-1148","P11-1060","0","0.037061"
"P17-1148","J03-1002","0","0.0261619"
"P17-1148","P15-1142","0","0.0202876"
"P17-1148","K15-1004","0","0.0139986"
"P17-1148","P07-1121","0","0.291034"
"P17-1148","P09-1110","0","0.473837"
"P17-1148","W06-3119","0","0.0456184"
"P17-1148","P15-1085","0","0.0180501"
"P17-1148","Q14-1030","0","0.0199489"
"P17-1148","richardson-kuhn-2014-unixman","1","0.830129"
"P17-1148","Q16-1012","1","0.849506"
"P17-1148","tiedemann-2012-parallel","0","0.0200085"
"P17-1148","N06-1056","0","0.0898699"
"P17-1148","N07-1022","0","0.211154"
"P19-1012","P18-2003","0","0.0179253"
"P19-1012","P18-1248","0","0.150744"
"P19-1012","D14-1082","0","0.109794"
"P19-1012","Q16-1023","0","0.632895"
"P19-1012","P18-1198","0","0.0258429"
"P19-1012","P18-1132","0","0.0326713"
"P19-1012","P16-2006","0","0.0182853"
"P19-1012","N19-1159","0","0.189833"
"P19-1012","P81-1022","0","0.562185"
"P19-1012","K17-3022","0","0.135207"
"P19-1012","P15-1033","0","0.0367233"
"P19-1012","Q16-1037","0","0.170692"
"P19-1012","C96-1058","0","0.409957"
"P19-1012","P05-1012","0","0.817933"
"P19-1012","N18-1091","0","0.0493119"
"P19-1012","E06-1011","0","0.201001"
"P19-1012","D13-1032","0","0.0755647"
"P19-1012","D16-1159","0","0.0252782"
"P19-1012","D18-1291","0","0.267079"
"P19-1012","W04-0308","0","0.166666"
"P19-1012","W18-6019","0","0.0276326"
"P19-1012","P09-1040","0","0.10098"
"P19-1012","P16-1218","0","0.183508"
"P19-1012","W09-3811","0","0.0720824"
"P19-1012","K18-2001","0","0.069517"
"P19-1012","P11-2033","0","0.0508394"
"P19-1012","P08-1108","0","0.086052"
"P19-1012","Y15-1014","0","0.019105"
"P19-1012","Q14-1004","0","0.0196662"
"P19-1012","D07-1013","0",\N
"P19-1273","D17-1181","0","0.0280569"
"P19-1273","E14-1005","0","0.0138038"
"P19-1273","W12-4102","0","0.0296046"
"P19-1273","P19-3018","1","0.595542"
"P19-1273","Q17-1010","0","0.0163882"
"P19-1273","doddington-etal-2004-automatic","0","0.0207698"
"P19-1273","P10-1015","0","0.0392302"
"P19-1273","D18-1393","0","0.0139055"
"P19-1273","N16-1180","0","0.022164"
"P19-1273","D14-1221","0","0.0164094"
"P19-1273","mcnamee-etal-2010-evaluation","0","0.0155496"
"P19-1273","W15-4631","0","0.0969719"
"P19-1273","P15-1157","0","0.0223801"
"P19-1273","D17-1165","0","0.157902"
"P19-1273","D14-1200","0","0.0129076"
"P19-1273","P06-1100","0","0.0116172"
"P19-1273","D13-1010","0","0.0272451"
"P19-1273","J17-3005","0","0.0562023"
"P19-3018","W17-2208","1","0.833045"
"P19-3018","P19-1273","1","0.595542"
"palmer-etal-2004-utilization","J97-1005","0",\N
"palmer-etal-2004-utilization","C92-2117","0",\N
"palmer-etal-2004-utilization","P97-1020","0",\N
"palmer-etal-2004-utilization","P02-1035","0",\N
"Q16-1012","P13-2009","0","0.0142836"
"Q16-1012","D14-1059","0","0.0240642"
"Q16-1012","N12-1049","0","0.122344"
"Q16-1012","Q13-1005","0","0.0243034"
"Q16-1012","W14-2402","0","0.0258157"
"Q16-1012","D13-1160","0","0.0722098"
"Q16-1012","D11-1131","0","0.160583"
"Q16-1012","W10-2903","0","0.028184"
"Q16-1012","W05-1506","0","0.0255108"
"Q16-1012","P12-1051","0","0.0161879"
"Q16-1012","D12-1069","0","0.0470647"
"Q16-1012","P14-1026","0","0.0701602"
"Q16-1012","D10-1119","0","0.0992807"
"Q16-1012","P11-1060","0","0.224271"
"Q16-1012","P11-2057","0","0.01944"
"Q16-1012","C08-1066","0","0.0629136"
"Q16-1012","W09-3714","0","0.454872"
"Q16-1012","D08-1027","0","0.0672298"
"Q16-1012","P14-1008","0","0.0216601"
"Q16-1012","D14-1135","0","0.0129196"
"Q16-1012","N06-1056","0","0.0529367"
"Q16-1012","P09-1110","0","0.401976"
"Q16-1012","W15-4002","0",\N
"R15-1037","W04-3212","0","0.115897"
"R15-1037","P09-1004","0","0.0215537"
"R15-1037","W09-1206","0","0.03667"
"R15-1037","E09-1026","0","0.0637933"
"R15-1037","J12-1005","0","0.047819"
"R15-1037","C08-1031","0","0.039695"
"R15-1037","J02-3001","0","0.00824828"
"R15-1037","D13-1194","1","0.929667"
"R15-1037","kessler-kuhn-2014-corpus","1","0.838105"
"R15-1037","H05-1111","0","0.0318957"
"richardson-kuhn-2014-unixman","N03-5008","0",\N
"richardson-kuhn-2014-unixman","N06-1056","0",\N
"richardson-kuhn-2014-unixman","D07-1071","0",\N
"richardson-kuhn-2014-unixman","P13-2009","0",\N
"richardson-kuhn-2014-unixman","Q13-1005","0",\N
"richardson-kuhn-2014-unixman","S13-1045","0",\N
"richardson-kuhn-2014-unixman","N12-1049","0",\N
"seeker-kuhn-2012-making","W04-2407","0",\N
"seeker-kuhn-2012-making","daum-etal-2004-automatic","0",\N
"seeker-kuhn-2012-making","C10-2129","1",\N
"seeker-kuhn-2012-making","W03-3023","0",\N
"seeker-kuhn-2012-making","burchardt-etal-2006-salsa","0",\N
"seeker-kuhn-2012-making","W08-1008","0",\N
"seeker-kuhn-2012-making","P06-1033","0",\N
"seeker-kuhn-2012-making","H05-1066","0",\N
"seeker-kuhn-2012-making","W09-1201","0",\N
"seeker-kuhn-2012-making","W11-2912","0",\N
"seeker-kuhn-2012-making","D11-1036","0",\N
"seeker-kuhn-2012-making","W07-2416","0",\N
"seeker-kuhn-2012-making","W10-1834","0",\N
"seeker-kuhn-2012-making","vincze-etal-2010-hungarian","0",\N
"seeker-kuhn-2012-making","I05-6010","0",\N
"seeker-kuhn-2014-domain","daum-etal-2004-automatic","0",\N
"seeker-kuhn-2014-domain","D10-1004","0",\N
"seeker-kuhn-2014-domain","J93-2004","0",\N
"seeker-kuhn-2014-domain","C10-1011","0",\N
"seeker-kuhn-2014-domain","A00-2013","0",\N
"seeker-kuhn-2014-domain","W01-0521","0",\N
"seeker-kuhn-2014-domain","W08-1008","0",\N
"seeker-kuhn-2014-domain","H05-1108","0",\N
"seeker-kuhn-2014-domain","P06-1063","0",\N
"seeker-kuhn-2014-domain","W09-1201","0",\N
"seeker-kuhn-2014-domain","2005.mtsummit-papers.11","0",\N
"seeker-kuhn-2014-domain","D13-1032","0",\N
"seeker-kuhn-2014-domain","seeker-kuhn-2012-making","1",\N
"seeker-kuhn-2014-domain","P07-1033","0",\N
"seeker-kuhn-2014-domain","schmid-etal-2004-smor","0",\N
"spreyer-etal-2008-identification","H01-1035","0",\N
"spreyer-etal-2008-identification","W02-1503","0",\N
"spreyer-etal-2008-identification","W06-2008","0",\N
"spreyer-etal-2008-identification","P06-1043","0",\N
"spreyer-etal-2008-identification","J03-1002","0",\N
"spreyer-etal-2008-identification","P07-1092","0",\N
"spreyer-etal-2008-identification","2005.mtsummit-papers.11","0",\N
"spreyer-etal-2008-identification","P06-1146","0",\N
"spreyer-etal-2010-training","N04-1013","0",\N
"spreyer-etal-2010-training","J93-2004","0",\N
"spreyer-etal-2010-training","W09-1104","1",\N
"spreyer-etal-2010-training","H01-1035","0",\N
"spreyer-etal-2010-training","W06-1614","0",\N
"spreyer-etal-2010-training","W06-2920","0",\N
"spreyer-etal-2010-training","P08-1108","0",\N
"spreyer-etal-2010-training","P09-2010","1",\N
"spreyer-etal-2010-training","J03-1002","0",\N
"spreyer-etal-2010-training","I08-1064","1",\N
"spreyer-etal-2010-training","W04-1905","0",\N
"spreyer-etal-2010-training","P06-1146","0",\N
"W05-0803","N04-1035","0","0.0143742"
"W05-0803","P03-1011","0","0.0965593"
"W05-0803","P96-1027","0","0.0360668"
"W05-0803","P04-1060","1","0.786496"
"W05-0803","C02-1003","0","0.0480282"
"W05-0803","N03-1021","0","0.378209"
"W05-0803","P04-1083","0","0.0215604"
"W05-0803","C88-2128","0","0.428816"
"W05-0803","J97-3002","0","0.386799"
"W05-0803","W02-1039","0",\N
"W06-2002","J04-4004","0","0.0642145"
"W06-2002","A00-2018","0","0.178751"
"W06-2002","P01-1017","0","0.0199675"
"W06-2002","W97-0301","0","0.0363841"
"W06-2002","J98-4004","0",\N
"W06-2002","J03-4003","0",\N
"W06-2002","kuhn-jellinghaus-2006-multilingual","1",\N
"W07-0406","P05-1033","0","0.0275772"
"W07-0406","N03-1017","0","0.031353"
"W07-0406","P00-1056","0","0.0165372"
"W07-0406","J03-1002","0","0.00273078"
"W07-0406","J97-3002","0","0.0326673"
"W07-0406","P01-1067","0","0.0667517"
"W07-0406","koen-2004-pharaoh","0",\N
"W07-0406","N04-1035","1",\N
"W07-0406","J04-4004","0",\N
"W07-1205","J93-2003","0","0.00592167"
"W07-1205","P05-1033","0","0.0266569"
"W07-1205","N03-1017","0","0.0114334"
"W07-1205","P02-1035","0","0.0213626"
"W07-1205","J97-3002","0","0.0316848"
"W07-1205","P01-1067","0","0.0338322"
"W07-1205","J03-1002","0","0.00578391"
"W07-1205","koen-2004-pharaoh","0",\N
"W07-1205","N04-1035","1",\N
"W07-1205","W02-1503","0",\N
"W09-1104","W06-2920","0","0.0727066"
"W09-1104","N06-1019","0","0.0214896"
"W09-1104","P04-1061","0","0.0124213"
"W09-1104","N03-1017","0","0.00114242"
"W09-1104","2005.mtsummit-papers.11","0","0.0126861"
"W09-1104","P08-1068","0","0.0576706"
"W09-1104","H94-1020","0","0.0270846"
"W09-1104","N06-1020","0","0.0329056"
"W09-1104","D07-1013","0","0.00757012"
"W09-1104","H05-1066","0","0.160725"
"W09-1104","W06-2932","0","0.0606394"
"W09-1104","P08-1108","0","0.0660811"
"W09-1104","P05-1013","0","0.021943"
"W09-1104","W06-2933","0","0.0298967"
"W09-1104","J03-1002","0","0.00201456"
"W09-1104","P06-1146","0","0.0566443"
"W09-1104","P92-1017","0","0.286588"
"W09-1104","P04-1062","0","0.0216379"
"W09-1104","P05-1044","0","0.0155557"
"W09-1104","I08-1064","1","0.860937"
"W09-1104","P08-1061","0","0.0931715"
"W09-1104","H01-1035","0","0.178966"
"W09-2303","W07-1512","0","0.0206485"
"W09-2303","E06-1019","0","0.0156313"
"W09-2303","W04-3302","0","0.109693"
"W09-2303","J07-2003","0","0.159621"
"W09-2303","P03-2041","0","0.107286"
"W09-2303","J07-3002","0","0.0657338"
"W09-2303","P04-1064","0","0.153862"
"W09-2303","graca-etal-2008-building","0","0.131827"
"W09-2303","2005.mtsummit-papers.11","0","0.00807339"
"W09-2303","P08-1069","0","0.0849397"
"W09-2303","C00-2163","0","0.452993"
"W09-2303","P06-1146","0","0.327535"
"W09-2303","C90-3045","0","0.424016"
"W09-2303","2008.eamt-1.23","1","0.712883"
"W09-2303","C08-2026","1","0.857018"
"W09-2303","P06-1123","0","0.701618"
"W09-2303","J97-3002","0","0.921945"
"W09-2303","P01-1067","0","0.0949335"
"W09-2303","P03-1019","0","0.74412"
"W09-2303","C04-1060","0","0.15659"
"W09-2303","N06-1033","0","0.094295"
"W09-2303","H05-1101","0",\N
"W09-2303","W07-0412","0",\N
"W09-2303","W90-0102","0",\N
"W09-2904","W02-2001","0","0.323471"
"W09-2904","P05-1074","0","0.0859961"
"W09-2904","cyrus-2006-building","0","0.0276178"
"W09-2904","W09-0208","0","0.0192418"
"W09-2904","N03-1017","0","0.0109718"
"W09-2904","2005.mtsummit-papers.11","0","0.0234508"
"W09-2904","nivre-etal-2006-maltparser","0","0.0289514"
"W09-2904","J03-1002","0","0.0164145"
"W09-2904","H94-1027","0","0.32763"
"W09-2904","W06-2405","0","0.308057"
"W09-2904","J97-3002","0","0.190991"
"W09-2904","H01-1035","0","0.0371309"
"W09-3831","W06-2920","0","0.0414787"
"W09-3831","2003.mtsummit-papers.6","0","0.125342"
"W09-3831","W06-2929","0","0.469474"
"W09-3831","W05-1504","0","0.315097"
"W09-3831","P09-1087","0","0.118938"
"W09-3831","P08-2060","0","0.023726"
"W09-3831","H05-1066","0","0.203303"
"W09-3831","bosco-etal-2000-building","0",\N
"W09-3831","D07-1096","0",\N
"W10-2106","rohrer-forst-2006-improving","1","0.942795"
"W10-2106","H01-1035","0","0.15152"
"W10-2106","W02-1503","1","0.901049"
"W10-2106","2005.mtsummit-papers.11","0","0.00413936"
"W10-2106","nivre-etal-2006-maltparser","0","0.107237"
"W10-2106","J03-1002","0","0.00381894"
"W10-2106","P02-1035","0","0.169128"
"W10-2106","W08-1705","1",\N
"W11-2908","W09-1201","0","0.0666967"
"W11-2908","W09-1210","0","0.0581009"
"W11-2908","W06-1614","0","0.0350015"
"W11-2908","W08-1006","0","0.0177835"
"W11-2908","W06-2920","0","0.0575195"
"W11-2908","C04-1056","0","0.218082"
"W11-2908","P03-1013","0","0.0341484"
"W11-2908","W10-1401","0","0.161694"
"W11-2908","P05-1039","0","0.0182198"
"W11-2908","W08-1008","0",\N
"W13-2708","C10-1011","0","0.0287056"
"W13-2708","J96-2004","0","0.103544"
"W13-2708","C08-1098","0","0.0274623"
"W13-2708","N12-1066","0","0.0162412"
"W13-2708","P10-4005","0","0.0309161"
"W13-2708","D11-1136","0","0.0485983"
"W13-2708","W04-0213","1","0.689214"
"W13-2708","kupietz-etal-2010-german","0","0.0200728"
"W13-2708","J01-4002","0","0.0247788"
"W13-2708","J11-2001","1","0.14676"
"W13-2708","J94-4002","0",\N
"W13-3704","W10-1403","0","0.0607378"
"W13-3704","W10-1404","0","0.0937912"
"W13-3704","D12-1133","0","0.0446634"
"W13-3704","C10-1011","0","0.0596389"
"W13-3704","W06-2920","0","0.31682"
"W13-3704","W11-3802","0","0.0364662"
"W13-3704","eryigit-2012-impact","0","0.437707"
"W13-3704","J08-3003","0","0.411037"
"W13-3704","W09-3819","0","0.100244"
"W13-3704","W10-1412","0","0.0530458"
"W13-3704","P08-1043","0","0.0609138"
"W13-3704","C10-1045","0","0.110666"
"W13-3704","I11-1136","0","0.0287636"
"W13-3704","P11-1089","0","0.0190755"
"W13-3704","W11-2908","1","0.844908"
"W13-3704","J13-1004","1","0.838502"
"W13-3704","D07-1099","0","0.0566232"
"W13-3704","C08-1112","0","0.0516512"
"W13-3704","W10-1405","0","0.0357771"
"W13-3704","D11-1109","0","0.0446181"
"W13-3704","W10-1401","0","0.077084"
"W13-3704","W10-1402","0","0.018246"
"W13-3704","P12-2002","0","0.114057"
"W13-3704","W11-3806","0",\N
"W13-3704","J08-4010","0",\N
"W13-3704","P13-1054","1",\N
"W13-3704","D07-1096","0",\N
"W15-0706","P14-1035","0","0.0230183"
"W15-0706","P14-1005","1","0.826812"
"W15-0706","A00-1020","0","0.117518"
"W15-0706","P10-1142","0","0.0214562"
"W15-0706","postolache-etal-2006-transferring","0","0.0317913"
"W15-0706","W11-1901","0","0.0149718"
"W15-0706","W12-4501","0","0.0177182"
"W15-0706","N12-1090","0","0.0135091"
"W15-0706","W09-2411","0","0.0707765"
"W15-0706","H01-1035","0","0.0638741"
"W15-0706","S10-1001","0",\N
"W15-0706","P13-4010","1",\N
"W15-2908","P10-2049","0","0.0159052"
"W15-2908","P11-2018","0","0.0204027"
"W15-2908","D13-1194","1","0.891587"
"W15-2908","kessler-kuhn-2014-corpus","1","0.852135"
"W15-2908","P13-2147","1","0.745033"
"W15-2908","P04-1035","0","0.00548492"
"W15-2908","H05-1043","0","0.12577"
"W15-2908","N12-1085","0","0.0134701"
"W15-2908","P11-2100","0","0.0579987"
"W15-2908","H05-1044","0","0.0123269"
"W15-2908","D12-1122","0","0.0144485"
"W15-2908","H05-2017","0",\N
"W15-2908","D08-1083","0",\N
"W17-3516","D10-1049","0","0.025787"
"W17-3516","W13-2111","0","0.169779"
"W17-3516","W09-0603","0","0.706082"
"W17-3516","W10-4217","0","0.0243533"
"W17-3516","W16-6626","0","0.0538738"
"W17-3516","P15-1044","0","0.0451726"
"W17-3516","P17-1017","0","0.0319106"
"W17-3516","P16-1195","0","0.223221"
"W17-3516","N12-1093","0","0.0214323"
"W17-3516","P09-1011","0","0.0881319"
"W17-3516","J14-4003","0","0.0196845"
"W17-3516","I17-2053","0","0.208056"
"W17-3516","W16-6627","0","0.0160461"
"W17-3516","W16-6644","0","0.0128252"
"W17-3516","D17-2012","1","0.436876"
"W17-3516","N16-1015","0","0.0601972"
"W17-3516","N06-1056","0","0.0768151"
"W17-3516","N07-1022","0","0.150289"
"W17-3516","P17-1041","0","0.0390958"
"W17-3516","W13-2130","1","0.798733"
"W18-4509","P16-1036","0","0.0144087"
"W18-4509","W15-0702","0","0.0140126"
"W18-4509","W16-1617","0","0.157524"
"W18-4509","P11-2014","0","0.386419"
"W19-4815","2018.lilt-16.1","0","0.26119"
"W19-4815","J76-4004","0","0.396313"
"W19-4815","W18-5414","0","0.483081"
"W19-4815","W18-5425","0","0.508136"
"W19-4815","N18-1108","0","0.0312651"
"W19-4815","P18-2117","0","0.0856143"
"W19-4815","W18-5423","0","0.0190741"
"W19-4815","Q16-1037","0","0.0260566"
"W19-4815","D15-1166","0","0.049821"
"W19-7911","C10-1012","0","0.347049"
"W19-7911","W16-1202","0","0.0538133"
"W19-7911","P07-1024","0","0.109934"
"W19-7911","W15-2115","0","0.01911"
"W19-7911","P15-2078","0","0.167487"
"W19-7911","J93-2004","0","0.0656123"
"W19-7911","W17-0419","0","0.0468353"
"W19-8636","W18-3601","0","0.326729"
"W19-8636","P14-1005","1","0.900164"
"W19-8636","C10-1012","0","0.71832"
"W19-8636","D14-1082","0","0.0423061"
"W19-8636","P04-1015","0","0.10905"
"W19-8636","P17-1183","0","0.0484982"
"W19-8636","W18-3606","0","0.0855203"
"W19-8636","C00-1007","0","0.148962"
"W19-8636","W11-2832","0","0.690464"
"W19-8636","W18-3604","0","0.0141388"
"W19-8636","N09-2057","0","0.0421763"
"W19-8636","A97-1039","0","0.115898"
"W19-8636","W15-2112","0","0.0206996"
"W19-8636","N15-1012","0","0.0184646"
"W19-8636","N10-1115","0","0.107977"
"W19-8636","P16-1105","0","0.0843817"
"W19-8636","L16-1262","0","0.0749806"
"W19-8636","P09-1091","0","0.020622"
"W19-8636","N16-1058","0","0.278197"
"W19-8636","W16-2010","0","0.0707323"
"W19-8636","E17-1061","0","0.0135066"
"W19-8636","W18-3605","0","0.270518"
"W19-8636","W18-3602","0","0.154943"
"W19-8636","W18-6553","0","0.0157674"
"W19-8636","P15-1150","0","0.474288"
"W19-8636","C16-1274","0","0.271415"
"ziering-etal-2012-corpus","W07-1203","0",\N
"ziering-etal-2012-corpus","P11-1101","1",\N
"ziering-etal-2012-corpus","rohrer-forst-2006-improving","0",\N
