"2020.acl-main.644","D16-1203","0","0.181898"
"2020.acl-main.644","N18-2123","1","0.725918"
"2020.acl-main.644","P19-1655","0","0.0191985"
"2020.acl-main.644","D14-1086","0","0.0797505"
"2020.acl-main.644","D18-1287","0","0.044938"
"2020.acl-main.737","W14-1604","0","0.0233103"
"2020.acl-main.737","P03-1006","0","0.0333261"
"2020.acl-main.737","W14-3612","0","0.104505"
"2020.acl-main.737","P02-1001","0","0.0431268"
"2020.acl-main.737","W14-3901","0","0.0191207"
"2020.acl-main.737","habash-etal-2012-conventional","0","0.0921315"
"2020.acl-main.737","W17-4002","0","0.0187438"
"2020.acl-main.737","chalamandaris-etal-2004-bypassing","0","0.149213"
"2020.acl-main.737","W14-3629","0","0.167586"
"2020.acl-main.737","N09-1069","0","0.0578616"
"2020.acl-main.737","W19-3114","0","0.0150612"
"2020.acl-main.737","D17-1266","0","0.0202279"
"2020.acl-main.737","N09-1005","0","0.0990535"
"2020.acl-main.737","P12-3011","0","0.0260711"
"2020.acl-main.737","song-etal-2014-collecting","0","0.0616714"
"2020.acl-main.737","chalamandaris-etal-2006-greek","0",\N
"2020.acl-main.737","J98-4003","0",\N
"2020.emnlp-main.122","S14-2010","0","0.29394"
"2020.emnlp-main.122","S16-1081","0","0.28624"
"2020.emnlp-main.122","S13-1004","0","0.0548868"
"2020.emnlp-main.122","S12-1051","0","0.579735"
"2020.emnlp-main.122","D15-1075","0","0.0500476"
"2020.emnlp-main.122","S17-2001","0","0.0499638"
"2020.emnlp-main.122","D18-2029","0","0.193693"
"2020.emnlp-main.122","N19-1254","0","0.12069"
"2020.emnlp-main.122","W19-4330","0","0.0141189"
"2020.emnlp-main.122","L18-1269","0","0.120763"
"2020.emnlp-main.122","D17-1070","0","0.362755"
"2020.emnlp-main.122","P18-1198","0","0.0503594"
"2020.emnlp-main.122","C04-1051","0","0.222341"
"2020.emnlp-main.122","N13-1092","0","0.121991"
"2020.emnlp-main.122","N18-1202","0","0.0490474"
"2020.emnlp-main.122","N16-1162","0","0.0635097"
"2020.emnlp-main.122","D18-2012","0","0.0128595"
"2020.emnlp-main.122","D19-1437","1","0.826884"
"2020.emnlp-main.122","D14-1162","0","0.0977629"
"2020.emnlp-main.122","D19-1410","0","0.306073"
"2020.emnlp-main.122","P18-2037","0","0.338404"
"2020.emnlp-main.122","W17-2619","0","0.129934"
"2020.emnlp-main.122","D16-1157","1","0.849436"
"2020.emnlp-main.122","P19-1427","1","0.884171"
"2020.emnlp-main.122","P17-1190","1","0.843564"
"2020.emnlp-main.122","P18-1042","1","0.882807"
"2020.emnlp-main.122","P19-1453","1","0.895546"
"2020.emnlp-main.122","2020.acl-demos.12","0","0.0347346"
"2020.emnlp-main.385","D19-1609","0","0.216749"
"2020.emnlp-main.385","P19-1635","0","0.276393"
"2020.emnlp-main.385","N19-1423","0","0.174933"
"2020.emnlp-main.385","N19-1246","0","0.0941517"
"2020.emnlp-main.385","2020.acl-main.89","0","0.352218"
"2020.emnlp-main.385","2021.ccl-1.108","0","0.101177"
"2020.emnlp-main.385","2020.acl-main.447","0","0.0218834"
"2020.emnlp-main.385","P17-2055","0","0.0161283"
"2020.emnlp-main.385","P19-1329","0","0.118656"
"2020.emnlp-main.385","P17-2050","0","0.022852"
"2020.emnlp-main.385","P18-1196","0","0.161774"
"2020.emnlp-main.385","P17-1015","0","0.0323734"
"2020.emnlp-main.385","E17-3010","0","0.021508"
"2020.emnlp-main.385","D19-1534","0","0.150826"
"2020.emnlp-main.739","P19-1535","0","0.010743"
"2020.emnlp-main.739","K16-1002","0","0.0673639"
"2020.emnlp-main.739","2020.acl-main.711","0","0.0144372"
"2020.emnlp-main.739","N16-1014","0","0.0736687"
"2020.emnlp-main.739","D16-1230","0","0.0481216"
"2020.emnlp-main.739","2021.ccl-1.108","0","0.141105"
"2020.emnlp-main.739","D19-5503","0","0.0168945"
"2020.emnlp-main.739","D19-1615","1","0.806946"
"2020.emnlp-main.739","D18-1443","0","0.0236164"
"2020.emnlp-main.739","D18-1298","0","0.0376038"
"2020.emnlp-main.739","P19-1081","0","0.0201122"
"2020.emnlp-main.739","D17-1238","0","0.014124"
"2020.emnlp-main.739","D18-1436","1","0.8838"
"2020.emnlp-main.739","P02-1040","0","0.106663"
"2020.emnlp-main.739","D18-1073","0","0.0642979"
"2020.emnlp-main.739","P17-1061","0","0.116931"
"2020.emnlp-main.739","N18-1198","0","0.0201818"
"2020.emnlp-main.739","P19-1363","0","0.0364199"
"2020.emnlp-main.739","P18-1205","0","0.256689"
"2020.findings-emnlp.325","W18-2706","0","0.0620801"
"2020.findings-emnlp.325","P19-1254","0","0.0845435"
"2020.findings-emnlp.325","2020.acl-main.22","0","0.0247878"
"2020.findings-emnlp.325","N16-1147","0","0.321146"
"2020.findings-emnlp.325","D16-1031","0","0.180214"
"2020.findings-emnlp.325","N16-1098","0","0.0208316"
"2020.findings-emnlp.325","2020.acl-main.646","0","0.0648516"
"2020.findings-emnlp.325","D19-1054","0","0.0271303"
"2020.findings-emnlp.325","N18-1156","0","0.0276667"
"2020.findings-emnlp.325","2020.coling-main.204","0","0.0707045"
"2020.findings-emnlp.325","W19-3620","0","0.0616531"
"2020.findings-emnlp.325","D18-1462","0","0.154612"
"2020.nlp4musa-1.1","N18-2074","0","0.151583"
"2020.scil-1.43","C18-1135","0","0.0408748"
"2020.scil-1.43","D17-1118","0","0.0177716"
"2020.scil-1.43","W16-2506","1","0.922812"
"2020.scil-1.43","P16-1141","0","0.143841"
"2020.scil-1.43","P18-2032","0","0.0218419"
"2020.scil-1.43","C18-1117","0","0.0134403"
"2020.scil-1.43","reese-etal-2010-wikicorpus","0","0.0316468"
"2020.scil-1.43","D15-1036","0","0.0235291"
"2020.scil-1.43","D18-1467","0","0.104121"
"2021.acl-short.74","P18-1154","1","0.526648"
"2021.acl-short.74","J82-2005","0","0.586393"
"2021.acl-short.74","D17-1018","0","0.0242989"
"2021.acl-short.74","N16-1014","0","0.0363918"
"2021.acl-short.74","2020.acl-main.428","0","0.0313363"
"2021.acl-short.74","2020.emnlp-main.739","1","0.914404"
"2021.acl-short.74","N16-1098","0","0.0776988"
"2021.acl-short.74","2020.emnlp-main.58","0","0.0633138"
"2021.acl-short.74","2020.acl-main.634","0","0.243212"
"2021.acl-short.74","P19-1363","0","0.0227922"
"2021.acl-short.74","W18-5713","0","0.0213273"
"2021.acl-short.74","P18-1205","0","0.108566"
"2021.emnlp-main.152","2021.acl-long.151","0","0.0856083"
"2021.emnlp-main.152","D19-1662","0","0.0547779"
"2021.emnlp-main.152","P19-1104","0","0.0277199"
"2021.emnlp-main.152","D16-1120","0","0.0508808"
"2021.emnlp-main.152","2021.acl-long.81","0","0.0455717"
"2021.emnlp-main.152","K16-1002","0","0.0600094"
"2021.emnlp-main.152","D18-1002","0","0.123574"
"2021.emnlp-main.152","C18-1084","0","0.0212451"
"2021.emnlp-main.152","2020.emnlp-main.44","0","0.0579224"
"2021.emnlp-main.152","2021.findings-acl.41","0","0.0334953"
"2021.emnlp-main.152","P19-1160","0","0.0551331"
"2021.emnlp-main.152","2021.eacl-main.107","0","0.0683912"
"2021.emnlp-main.152","D16-1140","0","0.0226989"
"2021.emnlp-main.152","2020.emnlp-main.602","0","0.0728107"
"2021.emnlp-main.152","2021.naacl-main.298","1","0.700419"
"2021.emnlp-main.152","2020.acl-main.647","0","0.0197854"
"2021.emnlp-main.152","W16-5603","0","0.0295055"
"2021.emnlp-main.152","D15-1044","0","0.026451"
"2021.emnlp-main.152","P18-2031","0","0.0280787"
"2021.emnlp-main.152","D19-1339","0","0.0635308"
"2021.emnlp-main.152","2021.acl-long.330","0","0.0131371"
"2021.emnlp-main.152","1983.tc-1.13","0","0.564894"
"2021.emnlp-main.152","2020.findings-emnlp.280","0","0.0546272"
"2021.emnlp-main.152","2021.naacl-main.189","0","0.0119557"
"2021.emnlp-main.152","2021.naacl-main.293","0","0.0694358"
"2021.emnlp-main.152","W19-8633","0","0.258536"
"2021.emnlp-main.152","2021.eacl-main.274","0","0.0859506"
"2021.emnlp-main.244","D19-1225","1","0.192848"
"2021.emnlp-main.55","D19-1609","0","0.0221905"
"2021.emnlp-main.55","W14-1607","0","0.0748846"
"2021.emnlp-main.55","N16-1181","0","0.23359"
"2021.emnlp-main.55","W05-0909","0","0.139107"
"2021.emnlp-main.55","2020.acl-main.708","0","0.0685622"
"2021.emnlp-main.55","clairet-2017-dish","0","0.0212087"
"2021.emnlp-main.55","P19-1483","0","0.0360393"
"2021.emnlp-main.55","N19-1246","0","0.0378696"
"2021.emnlp-main.55","D18-1443","0","0.0318636"
"2021.emnlp-main.55","D18-1436","1","0.855708"
"2021.emnlp-main.55","P18-1154","1","0.853921"
"2021.emnlp-main.55","W17-5525","0","0.0203691"
"2021.emnlp-main.55","2020.acl-main.66","0","0.0134742"
"2021.emnlp-main.55","P02-1040","0","0.108835"
"2021.emnlp-main.55","2021.naacl-main.99","0","0.0379408"
"2021.emnlp-main.55","2020.emnlp-main.89","0","0.0558841"
"2021.emnlp-main.55","D16-1128","0","0.0660383"
"2021.emnlp-main.55","2020.emnlp-main.385","1","0.81721"
"2021.emnlp-main.55","2021.naacl-main.53","0","0.0189594"
"2021.emnlp-main.55","2021.acl-short.74","1","0.654356"
"2021.emnlp-main.55","D17-1239","0","0.0605507"
"2021.emnlp-main.55","P18-1101","0","0.0174379"
"2021.emnlp-main.592","2021.findings-acl.357","1","0.804028"
"2021.emnlp-main.592","D18-1060","0","0.0182661"
"2021.emnlp-main.592","W15-4640","0","0.0767342"
"2021.emnlp-main.592","2020.emnlp-main.739","1","0.846699"
"2021.emnlp-main.592","P18-1113","0","0.0493907"
"2021.emnlp-main.592","S16-2003","0","0.019653"
"2021.emnlp-main.592","zesch-etal-2008-extracting","0","0.0274865"
"2021.emnlp-main.592","P18-1205","0","0.140587"
"2021.emnlp-main.592","P17-1061","0","0.0720658"
"2021.emnlp-main.592","2020.nlp4convai-1.15","0","0.0753144"
"2021.emnlp-main.592","P19-1004","0","0.0216582"
"2021.findings-acl.357","P15-2073","0","0.166414"
"2021.findings-acl.357","W19-5944","0","0.259337"
"2021.findings-acl.357","N18-1169","0","0.0227905"
"2021.findings-acl.357","I17-1099","0","0.147212"
"2021.findings-acl.357","P16-1009","0","0.0439003"
"2021.findings-acl.357","P17-1061","0","0.357034"
"2021.findings-acl.357","D19-1670","0","0.0138095"
"2021.findings-acl.357","2020.acl-srw.27","0","0.0326577"
"2021.sigmorphon-1.22","P17-1183","0","0.014285"
"2021.sigmorphon-1.22","b-etal-2010-resource","0","0.0163283"
"2021.sigmorphon-1.22","W14-3612","0","0.0136932"
"2021.sigmorphon-1.22","P05-1022","0","0.0134739"
"2021.sigmorphon-1.22","W14-3629","0","0.0194065"
"2021.sigmorphon-1.22","W16-2409","0","0.037721"
"2021.sigmorphon-1.22","habash-etal-2012-conventional","0","0.039387"
"2021.sigmorphon-1.22","C14-1218","0","0.0266832"
"2021.sigmorphon-1.22","N15-1123","0","0.0120977"
"2021.sigmorphon-1.22","2021.eacl-demos.3","0","0.0327922"
"2021.sigmorphon-1.22","P06-2065","0","0.108451"
"2021.sigmorphon-1.22","P07-2045","0","0.0130082"
"2021.sigmorphon-1.22","song-etal-2014-collecting","0","0.0109605"
"D11-1029","D07-1093","1","0.897144"
"D11-1029","N09-1008","1","0.895478"
"D11-1029","P08-1088","1","0.95558"
"D11-1029","P10-1105","1","0.948406"
"D11-1029","W99-0906","0","0.448585"
"D11-1029","P06-2065","0","0.413488"
"D11-1029","W02-0902","0","0.132245"
"D11-1029","2005.mtsummit-papers.11","0","0.0586318"
"D11-1029","N01-1014","0","0.0282772"
"D11-1029","P11-1025","0","0.0913072"
"D11-1029","P10-1107","0","0.818257"
"D12-1091","W10-1703","0","0.0145689"
"D12-1091","1993.eamt-1.1","0","0.348588"
"D12-1091","P09-1104","1","0.559336"
"D12-1091","P03-1054","1","0.0361194"
"D12-1091","P07-2045","0","0.0217932"
"D12-1091","W04-3250","0","0.704346"
"D12-1091","2005.mtsummit-papers.11","0","0.0263925"
"D12-1091","W09-0424","0","0.0421198"
"D12-1091","N06-1014","1","0.395006"
"D12-1091","W04-1013","0","0.00888053"
"D12-1091","J93-2004","0","0.0433698"
"D12-1091","H05-1066","0","0.0213104"
"D12-1091","nivre-etal-2006-maltparser","0","0.00996693"
"D12-1091","J03-1002","0","0.015359"
"D12-1091","P03-1021","0","0.0221932"
"D12-1091","P02-1040","0","0.0880721"
"D12-1091","P06-1055","1","0.328321"
"D12-1091","W05-0908","0","0.17337"
"D12-1091","N10-1091","0","0.0128219"
"D12-1091","C00-2137","0","0.528095"
"D12-1091","J04-4004","0",\N
"D12-1091","J03-4003","0",\N
"D12-1091","zhang-etal-2004-interpreting","0",\N
"D12-1091","D07-1096","0",\N
"D13-1087","D11-1029","1","0.884174"
"D13-1087","P06-2065","0","0.439962"
"D13-1087","D08-1085","0","0.154595"
"D13-1087","P11-1025","0","0.318369"
"D13-1087","P10-1107","0","0.223343"
"D15-1032","D13-1203","1","0.83022"
"D15-1032","Q14-1037","1","0.270541"
"D15-1032","P11-1049","1","0.722984"
"D15-1032","P15-1030","1","0.0373143"
"D15-1032","Q13-1017","0","0.0198867"
"D15-1032","P05-1022","0","0.0439671"
"D15-1032","C96-1058","0","0.0684883"
"D15-1032","N10-1112","0","0.0573708"
"D15-1032","P14-1022","1","0.5352"
"D15-1032","W02-1001","0","0.6832"
"D15-1032","J93-2004","0","0.0552861"
"D15-1032","P05-1012","0","0.0382023"
"D15-1032","H05-1066","0","0.0798595"
"D15-1032","W04-3201","1","0.893268"
"D17-1275","P13-1035","0","0.049848"
"D17-1275","D14-1082","0","0.0202088"
"D17-1275","P07-1033","0","0.259721"
"D17-1275","P05-1045","0","0.0405631"
"D17-1275","N13-1014","0","0.134481"
"D17-1275","P13-1057","0","0.123805"
"D17-1275","D15-1157","0","0.0604442"
"D17-1275","W10-2923","0","0.0239519"
"D17-1275","D15-1032","1","0.800204"
"D17-1275","U10-1009","0","0.0262503"
"D17-1275","P14-5010","0","0.00355307"
"D17-1275","P13-1108","0","0.0727509"
"D17-1275","P10-1040","0","0.780109"
"D17-1275","D11-1002","0","0.025689"
"D17-1275","Q17-1036","0","0.0298178"
"D17-1275","N10-1004","0","0.0237298"
"D18-1160","P14-2131","0","0.202435"
"D18-1160","N10-1083","1","0.89622"
"D18-1160","P11-1087","0","0.15266"
"D18-1160","Q17-1010","0","0.0633438"
"D18-1160","D17-1171","0","0.279698"
"D18-1160","D10-1056","0","0.130718"
"D18-1160","D11-1005","0","0.154037"
"D18-1160","N09-1009","0","0.0601511"
"D18-1160","N15-1140","0","0.0473601"
"D18-1160","D17-1176","0","0.575784"
"D18-1160","P17-1044","0","0.0229364"
"D18-1160","N09-1012","0","0.246964"
"D18-1160","D16-1073","0","0.602307"
"D18-1160","D07-1031","0","0.052933"
"D18-1160","P04-1061","0","0.921002"
"D18-1160","N15-1067","0","0.233499"
"D18-1160","P14-2050","0","0.0366216"
"D18-1160","N15-1144","0","0.122378"
"D18-1160","J93-2004","0","0.0606684"
"D18-1160","D16-1031","0","0.0305231"
"D18-1160","Q13-1006","0","0.0629485"
"D18-1160","C16-1003","0","0.470026"
"D18-1160","N18-1202","0","0.0130934"
"D18-1160","Q16-1018","0","0.179395"
"D18-1160","W16-5907","0","0.500835"
"D18-1160","D12-1121","0","0.536256"
"D18-1160","D12-1086","0","0.131675"
"D18-1160","C14-1217","0","0.0312024"
"D18-1160","P18-1070","1","0.760408"
"D18-1160","D07-1043","0","0.13523"
"D18-1160","D11-1118","0","0.485595"
"D18-1160","W11-0303","0","0.304323"
"D18-1160","W12-1903","0","0.0451891"
"D18-1160","D13-1204","0","0.323605"
"D18-1160","W10-2902","0","0.048632"
"D18-1436","D16-1125","0","0.0977218"
"D18-1436","J93-2003","0","0.0624758"
"D18-1436","W14-3348","0","0.0156848"
"D18-1436","P18-1154","1","0.853255"
"D18-1436","D14-1086","0","0.105935"
"D18-1436","D16-1032","0","0.014036"
"D18-1436","D16-1128","0","0.0698893"
"D18-1436","N16-1086","0","0.027048"
"D18-1436","P02-1040","0","0.10304"
"D18-1436","D15-1044","0","0.0444025"
"D18-1436","P18-2125","0","0.0316814"
"D18-1496","W15-1526","0","0.0207021"
"D19-1225","P13-1021","1","0.814248"
"D19-1225","P14-2020","1","0.872487"
"D19-1370","K16-1002","0","0.17065"
"D19-1370","D17-1066","0","0.0330264"
"D19-1370","D18-1480","0","0.088437"
"D19-1621","N18-1016","0","0.0465217"
"D19-1621","N18-2011","0","0.571679"
"D19-1621","D16-1126","0","0.213792"
"D19-1621","P17-4008","0","0.16672"
"D19-1621","P18-1152","0","0.0251601"
"D19-1621","P17-1016","0","0.1272"
"D19-1621","P18-1181","0","0.251365"
"D19-1621","D16-1127","0","0.0434765"
"D19-1621","P19-1192","0","0.0283185"
"D19-1621","W17-3502","0","0.0565797"
"D19-1621","N19-1013","0","0.0656129"
"D19-1621","P11-2014","0","0.529802"
"D19-1621","N19-5001","0","0.0580344"
"D19-1621","P18-1083","0","0.0259984"
"D19-1621","D14-1074","0","0.0615192"
"D19-1621","D17-1062","0","0.0209209"
"N10-1083","H05-1009","0","0.0250886"
"N10-1083","N09-1009","0","0.61572"
"N10-1083","P07-1003","1","0.716969"
"N10-1083","A94-1009","0","0.149142"
"N10-1083","P07-1094","0","0.456947"
"N10-1083","P06-1085","0","0.0182129"
"N10-1083","P09-1104","1","0.664262"
"N10-1083","N09-1036","0","0.361345"
"N10-1083","D07-1031","0","0.900802"
"N10-1083","P04-1061","1","0.924351"
"N10-1083","N09-1069","1","0.872403"
"N10-1083","N06-1014","1","0.244933"
"N10-1083","J93-2004","0","0.0463736"
"N10-1083","J94-2001","0","0.262389"
"N10-1083","C96-2141","0","0.109148"
"N10-1083","P00-1056","0","0.0467888"
"N10-1083","P05-1044","0","0.794494"
"N10-1083","J07-4003","0","0.0056588"
"N10-1083","C02-1145","0","0.0134758"
"N10-1083","J93-2003","0",\N
"N10-1083","N06-1041","1",\N
"N10-1083","P01-1027","0",\N
"N10-1083","P06-1111","1",\N
"N13-1132","W10-0701","0","0.033793"
"N13-1132","W10-1703","0","0.0107417"
"N13-1132","W02-0102","0","0.0301667"
"N13-1132","W10-0702","0","0.17971"
"N13-1132","D07-1031","0","0.00707372"
"N13-1132","D08-1027","0","0.767307"
"N13-1132","P10-1070","1","0.275755"
"N13-1132","P11-1122","0","0.0091563"
"N13-1132","P10-5004","1",\N
"N15-1109","P14-2020","1","0.788188"
"N15-1109","P13-1021","1","0.598859"
"N15-1109","W14-3907","0","0.0441324"
"N18-2123","D16-1203","0","0.103231"
"N18-2123","P16-1223","0","0.069549"
"N18-2123","N18-2017","0","0.0221213"
"N18-2123","D17-1215","0","0.0298631"
"N18-2123","D14-1086","0","0.346215"
"N18-2123","N16-1030","0","0.0435666"
"N18-2123","D14-1162","0","0.080959"
"N19-1171","P16-1231","0","0.540019"
"N19-1171","N15-1027","0","0.02122"
"N19-1171","P84-1044","0","0.311862"
"N19-1171","hockenmaier-steedman-2002-acquiring","0","0.034186"
"N19-1171","2014.iwslt-evaluation.1","0","0.10811"
"N19-1171","P04-1015","0","0.488966"
"N19-1171","P14-1129","0","0.111054"
"N19-1171","D15-1044","0","0.0477999"
"N19-1171","P15-1033","1","0.853784"
"N19-1171","J07-4003","0","0.261515"
"N19-1171","N16-1024","1","0.818841"
"N19-1171","P17-2058","1","0.870083"
"N19-1171","N16-1027","0","0.0944075"
"N19-1171","D16-1137","0","0.661753"
"P08-1088","N04-4038","0","0.00685771"
"P08-1088","W95-0114","0","0.842841"
"P08-1088","P06-1121","0","0.0217612"
"P08-1088","W02-0902","0","0.871975"
"P08-1088","koen-2004-pharaoh","0","0.0112554"
"P08-1088","2005.mtsummit-papers.11","0","0.0928857"
"P08-1088","P95-1050","0","0.779727"
"P08-1088","P06-1072","0","0.0065989"
"P08-1088","P95-1026","0","0.225036"
"P10-1131","N10-1083","1","0.230173"
"P10-1131","W00-1201","0","0.0104417"
"P10-1131","D07-1093","1","0.714797"
"P10-1131","D08-1092","1","0.430261"
"P10-1131","N09-1009","0","0.612839"
"P10-1131","J93-2004","0","0.0355398"
"P10-1131","D09-1086","0","0.0711954"
"P10-1131","P09-1009","0","0.28893"
"P10-1131","N09-1010","0","0.227813"
"P10-1131","C02-1145","0","0.00871453"
"P10-1131","P07-1033","0","0.140506"
"P10-1131","P02-1001","0","0.0338299"
"P10-1131","N09-1068","0","0.0206512"
"P10-1131","P04-1061","1","0.564388"
"P10-1131","P04-1060","0","0.379192"
"P10-1131","P09-1042","0","0.135264"
"P10-1131","W06-2920","0",\N
"P10-1131","J03-4003","0",\N
"P11-1049","D08-1024","0","0.00885439"
"P11-1049","W09-1802","1","0.726218"
"P11-1049","W10-0722","1","0.343109"
"P11-1049","P06-1096","1","0.262422"
"P11-1049","W03-1101","0","0.0232796"
"P11-1049","W04-1013","0","0.357697"
"P11-1049","W09-1801","0","0.871248"
"P11-1049","E06-1038","0","0.132293"
"P11-1049","N04-1019","0","0.614718"
"P11-1049","P08-2052","0","0.0136493"
"P11-1049","W04-3201","1","0.160476"
"P11-1049","W97-0710","0","0.209424"
"P11-1049","P10-1058","0","0.14535"
"P13-1021","koen-2004-pharaoh","0","0.0151054"
"P13-1021","D11-1029","1","0.848221"
"P13-1021","N03-1018","0","0.0344936"
"P13-1021","N10-1083","1","0.467591"
"P13-1021","J04-4002","0","0.02125"
"P13-1021","D08-1012","1","0.899245"
"P13-1021","D08-1085","0","0.0125897"
"P13-1021","P11-1025","0","0.01315"
"P13-1021","P10-1107","0","0.0205837"
"P13-1021","P08-1025","0","0.0542564"
"P14-1020","D13-1195","1","0.152689"
"P14-1020","N06-1022","0","0.0738887"
"P14-1020","N13-1033","0","0.188699"
"P14-1020","U11-1006","0","0.0944752"
"P14-1020","J93-2004","0","0.0455682"
"P14-1020","P05-1010","0","0.0375439"
"P14-1020","N07-1051","1","0.909398"
"P14-1020","W03-3021","0","0.0193841"
"P14-1020","W06-1666","0","0.0263958"
"P14-1020","W11-2921","0","0.287847"
"P14-1020","P96-1024","0",\N
"P14-2020","P13-1021","1","0.803406"
"P14-2020","koen-2004-pharaoh","0","0.0761304"
"P14-2020","D08-1012","1","0.893269"
"P14-2020","P08-1025","0","0.0314965"
"P16-1188","P13-1020","0","0.0223492"
"P16-1188","J08-1001","0","0.0195037"
"P16-1188","N04-1015","0","0.0350411"
"P16-1188","H01-1065","0","0.162869"
"P16-1188","P11-1049","1","0.934644"
"P16-1188","W01-1605","0","0.0722609"
"P16-1188","N13-1136","0","0.0110846"
"P16-1188","J10-3005","0","0.0598346"
"P16-1188","P02-1057","0","0.146913"
"P16-1188","E14-4040","0","0.0180116"
"P16-1188","D13-1203","1","0.744439"
"P16-1188","Q14-1037","1","0.910185"
"P16-1188","W09-1802","0","0.312645"
"P16-1188","W10-0722","0","0.076163"
"P16-1188","D13-1158","0","0.0503894"
"P16-1188","E14-1075","0","0.0534042"
"P16-1188","P13-1048","0","0.015369"
"P16-1188","P14-2052","0","0.0168089"
"P16-1188","D15-1032","1","0.437982"
"P16-1188","N15-1079","0","0.012553"
"P16-1188","P11-1052","0","0.0300998"
"P16-1188","J95-2003","0","0.469362"
"P16-1188","N03-1020","0","0.193323"
"P16-1188","P14-1020","1","0.819066"
"P16-1188","W03-1101","0","0.0302607"
"P16-1188","D12-1106","0","0.016443"
"P16-1188","W10-4327","0","0.0273313"
"P16-1188","W98-1124","0","0.0373498"
"P16-1188","W09-1801","0","0.0266717"
"P16-1188","P05-1012","0","0.0434139"
"P16-1188","E06-1038","0","0.0215508"
"P16-1188","R11-1066","0","0.0174782"
"P16-1188","D15-1182","0","0.0301045"
"P16-1188","P14-1084","0","0.0402219"
"P16-1188","N03-1030","0","0.042861"
"P16-1188","I13-1198","0","0.0176762"
"P16-1188","D12-1022","0","0.0100531"
"P16-1188","D14-1196","0","0.0482556"
"P16-1188","C14-1156","0","0.0799128"
"P16-1188","P08-1054","0","0.0219105"
"P16-1188","P06-1055","1","0.129979"
"P16-1188","W01-0100","0",\N
"P17-2058","P16-1231","0","0.0779065"
"P17-2058","D15-1044","0","0.0463382"
"P17-2058","2014.iwslt-evaluation.1","0","0.400421"
"P17-2058","W03-0419","0","0.0826902"
"P17-2058","D16-1137","0","0.0405369"
"P17-2058","Q15-1035","0","0.0224919"
"P17-2065","N10-1083","1","0.855453"
"P17-2065","P13-1021","1","0.871968"
"P17-2065","D10-1056","0","0.015765"
"P18-1154","D16-1032","0","0.195865"
"P18-1154","D16-1128","0","0.139786"
"P18-1154","P09-1011","0","0.0572073"
"P18-1154","O90-1011","0","0.648433"
"P18-1154","D16-1230","0","0.0252276"
"P18-1154","P02-1040","0","0.102226"
"P18-1154","J09-4008","0","0.159794"
"P18-1154","W12-1516","0","0.0199831"
"P19-1311","D14-1187","0",\N
"P19-1311","D09-1086","0",\N
"P19-1311","P12-1066","0",\N
"P19-1311","W14-4203","0",\N
"P19-1311","petrov-etal-2012-universal","0",\N
"P19-1311","D11-1006","0",\N
"P19-1311","N13-1126","0",\N
"P19-1311","Q13-1001","0",\N
"P19-1311","D15-1213","0",\N
"P19-1311","P15-1119","0",\N
"P19-1311","W15-2137","0",\N
"P19-1311","N16-1156","0",\N
"P19-1311","Q17-1010","0",\N
"P19-1311","D16-1073","0",\N
"P19-1311","C16-1012","0",\N
"P19-1311","E17-2002","0",\N
"P19-1311","D17-1302","0",\N
"P19-1311","D18-1160","1",\N
"P19-1311","D18-1163","0",\N
"P19-1311","N19-1162","0",\N
"P19-1311","Q18-1046","0",\N
"P19-1311","D19-1077","0",\N
"P19-1311","N19-1253","1",\N
"P19-1311","P18-4013","0",\N
"P19-1311","N19-1423","0",\N
"P19-1427","S14-2010","0","0.0425502"
"P19-1427","S16-1081","0","0.075813"
"P19-1427","S13-1004","0","0.0543439"
"P19-1427","S12-1051","0","0.0491652"
"P19-1427","2014.iwslt-evaluation.4","0","0.0200873"
"P19-1427","W11-2103","0","0.0721467"
"P19-1427","N10-1080","0","0.0160871"
"P19-1427","D17-1070","0","0.0180748"
"P19-1427","W14-3348","0","0.0229286"
"P19-1427","N18-1033","0","0.107196"
"P19-1427","N16-1162","0","0.0688546"
"P19-1427","D11-1125","0","0.0338379"
"P19-1427","W16-2303","0","0.0303766"
"P19-1427","C04-1072","0","0.0918735"
"P19-1427","D11-1035","0","0.0238807"
"P19-1427","P13-2067","0","0.0266082"
"P19-1427","P16-1159","0","0.0403668"
"P19-1427","N19-4007","1","0.804774"
"P19-1427","P06-2101","0","0.06992"
"P19-1427","P03-1021","0","0.454799"
"P19-1427","W15-3032","0","0.0355517"
"P19-1427","P02-1040","0","0.10718"
"P19-1427","P15-1094","0","0.112474"
"P19-1427","D07-1080","0","0.0565854"
"P19-1427","P17-1190","1","0.867686"
"P19-1427","P18-1042","1","0.892666"
"P19-1427","P19-1453","1","0.81423"
"P19-1427","D16-1137","0","0.0755019"
"P19-1453","S14-2010","0","0.192289"
"P19-1453","S16-1081","0","0.10707"
"P19-1453","S13-1004","0","0.309609"
"P19-1453","S12-1051","0","0.146732"
"P19-1453","N06-1003","0","0.0530907"
"P19-1453","S17-2001","0","0.187252"
"P19-1453","D17-1070","0","0.039622"
"P19-1453","P11-2117","0","0.0379629"
"P19-1453","C04-1051","0","0.257736"
"P19-1453","N13-1092","0","0.0967382"
"P19-1453","C18-1122","0","0.06052"
"P19-1453","W18-6317","0","0.237718"
"P19-1453","N16-1162","0","0.095929"
"P19-1453","D18-2012","0","0.0362043"
"P19-1453","D17-1126","0","0.0250789"
"P19-1453","L16-1147","0","0.0418628"
"P19-1453","E17-2002","0","0.141406"
"P19-1453","P15-1094","0","0.0479643"
"P19-1453","W17-2619","0","0.0335664"
"P19-1453","P18-2035","0","0.017455"
"P19-1453","D16-1157","1","0.904892"
"P19-1453","P17-1190","1","0.866482"
"P19-1453","P18-1042","1","0.918867"
"P19-1453","D17-1026","1","0.872931"
"P19-1453","P18-2037","0","0.407958"
