"2009.mtsummit-posters.11","J93-2003","0","0.0297587"
"2009.mtsummit-posters.11","D07-1006","1","0.87953"
"2009.mtsummit-posters.11","J07-3002","1","0.908704"
"2009.mtsummit-posters.11","P04-1064","0","0.018845"
"2009.mtsummit-posters.11","N03-1017","0","0.0067491"
"2009.mtsummit-posters.11","N06-1014","0","0.024293"
"2009.mtsummit-posters.11","W02-1018","0","0.0181157"
"2009.mtsummit-posters.11","P97-1063","0","0.459608"
"2009.mtsummit-posters.11","P06-1065","0","0.0379284"
"2009.mtsummit-posters.11","J03-1002","0","0.0462934"
"2009.mtsummit-posters.11","E03-1026","0","0.268037"
"2009.mtsummit-posters.11","C96-2141","0","0.189041"
"2012.eamt-1.42","2009.iwslt-papers.4","0","0.0692607"
"2012.eamt-1.42","D11-1125","0","0.0315991"
"2012.eamt-1.42","P07-2045","0","0.0162566"
"2012.eamt-1.42","P08-1114","0","0.0275627"
"2012.eamt-1.42","P02-1040","0","0.0844797"
"2012.eamt-1.42","P11-1103","0","0.0657931"
"2012.eamt-1.42","J07-2003","0","0.66933"
"2012.eamt-1.42","P11-1065","0","0.0825843"
"2012.eamt-1.42","C04-1024","0","0.0462137"
"2012.eamt-1.42","P10-1146","0","0.0282866"
"2012.eamt-1.42","W10-1762","0","0.0427721"
"2012.eamt-1.42","P05-1066","0","0.212234"
"2012.eamt-1.42","N03-2036","0","0.0308796"
"2012.eamt-1.42","D08-1089","0","0.0694621"
"2012.eamt-1.42","N07-1063","0","0.0237546"
"2012.eamt-1.42","N10-1129","0","0.069243"
"2012.eamt-1.42","J97-3002","0","0.34322"
"2012.eamt-1.42","W10-1761","0","0.045974"
"2012.eamt-1.42","C08-1144","0","0.0353228"
"2012.eamt-1.42","J03-1002","0",\N
"2014.amta-researchers.21","2009.eamt-1.9","0","0.362469"
"2014.amta-researchers.21","E12-1068","1","0.871973"
"2014.amta-researchers.21","W10-1734","1","0.820456"
"2014.amta-researchers.21","N04-1035","0","0.0525061"
"2014.amta-researchers.21","2005.eamt-1.16","0","0.583506"
"2014.amta-researchers.21","W97-0802","0","0.0844244"
"2014.amta-researchers.21","N06-1031","0","0.276473"
"2014.amta-researchers.21","kunze-2000-extension","0","0.0693447"
"2014.amta-researchers.21","P10-1052","0","0.184531"
"2014.amta-researchers.21","P08-1114","0","0.0219911"
"2014.amta-researchers.21","W06-2113","0","0.469097"
"2014.amta-researchers.21","P06-1014","0","0.0297856"
"2014.amta-researchers.21","C00-2094","0","0.743559"
"2014.amta-researchers.21","C04-1024","0","0.102844"
"2014.amta-researchers.21","schmid-etal-2004-smor","0","0.190229"
"2014.amta-researchers.21","J06-2001","1","0.928046"
"2014.amta-researchers.21","schulte-im-walde-2010-comparing","1","0.894257"
"2014.amta-researchers.21","W12-0514","0","0.224268"
"2014.amta-researchers.21","P08-1059","0","0.120768"
"2014.amta-researchers.21","W12-3150","0","0.0434317"
"2014.amta-researchers.21","P11-1001","0","0.0235711"
"2014.eamt-1.3","I05-1062","0","0.029267"
"2014.eamt-1.3","P11-2071","0","0.0480483"
"2014.eamt-1.3","2012.amta-monomt.1","0","0.0225543"
"2014.eamt-1.3","E12-1068","1","0.838785"
"2014.eamt-1.3","P08-1088","0","0.0349715"
"2014.eamt-1.3","P10-1052","0","0.0644516"
"2014.eamt-1.3","P11-1133","0","0.0177919"
"2014.eamt-1.3","C08-1098","0","0.103118"
"2014.eamt-1.3","schmid-etal-2004-smor","1","0.646479"
"2014.eamt-1.3","I08-2089","0","0.0267387"
"2014.eamt-1.3","P08-1059","0","0.0801463"
"2014.eamt-1.3","weller-heid-2012-analyzing","1","0.925147"
"2014.eamt-1.3","C08-1125","0","0.0283419"
"2020.acl-main.389","P18-2049","0","0.0139965"
"2020.acl-main.389","W18-1207","0","0.144044"
"2020.acl-main.389","C04-1024","0","0.00947925"
"2020.acl-main.389","D17-1209","0","0.0486254"
"2020.acl-main.389","schmid-etal-2004-smor","0","0.241829"
"2020.acl-main.389","E14-1061","1","0.832688"
"2020.acl-main.389","P16-1078","0","0.0265702"
"2020.acl-main.389","P16-1162","0","0.0608268"
"2020.acl-main.389","W17-4704","1","0.908181"
"2020.acl-main.389","W17-1722","1","0.902864"
"2020.acl-main.389","E17-3017","0","0.0233279"
"2020.acl-main.389","W17-4706","1","0.870325"
"2020.acl-main.389","E03-1076","0","0.45762"
"2020.amta-research.8","D18-1214","0","0.0209725"
"2020.amta-research.8","P18-1073","0","0.0725052"
"2020.amta-research.8","D18-1399","0","0.08496"
"2020.amta-research.8","D18-1549","0","0.0788703"
"2020.amta-research.8","W18-6407","0","0.0406327"
"2020.amta-research.8","D16-1136","0","0.0213873"
"2020.amta-research.8","W10-1734","1","0.827908"
"2020.amta-research.8","W11-2123","0","0.00863198"
"2020.amta-research.8","P07-2045","0","0.005404"
"2020.amta-research.8","N19-1162","0","0.0207997"
"2020.amta-research.8","P16-1009","0","0.534781"
"2020.amta-research.8","P16-1024","0","0.0689492"
"2020.amta-research.8","P15-2118","0","0.0675545"
"2020.amta-research.8","N15-1104","0","0.188043"
"2020.amta-research.8","D15-1201","0","0.146047"
"2020.bucc-1.8","P19-1309","0","0.0951046"
"2020.bucc-1.8","P18-1073","0","0.144567"
"2020.bucc-1.8","P19-1019","0","0.112307"
"2020.bucc-1.8","Q17-1010","0","0.532253"
"2020.bucc-1.8","N18-2030","1","0.821236"
"2020.bucc-1.8","D14-1179","0","0.00580683"
"2020.bucc-1.8","D19-1090","0","0.158141"
"2020.bucc-1.8","P19-1581","1","0.822411"
"2020.bucc-1.8","D18-1549","0","0.0299977"
"2020.bucc-1.8","D15-1166","0","0.246365"
"2020.bucc-1.8","P18-2062","0","0.499995"
"2020.bucc-1.8","P16-1024","0","0.38169"
"2020.coling-main.531","P19-1309","0","0.146474"
"2020.coling-main.531","P17-1042","0","0.0246018"
"2020.coling-main.531","P18-1073","0","0.338793"
"2020.coling-main.531","P19-1019","0","0.0860492"
"2020.coling-main.531","Q17-1010","0","0.232504"
"2020.coling-main.531","N18-2030","1","0.893548"
"2020.coling-main.531","W18-2409","0","0.020488"
"2020.coling-main.531","D19-1090","0","0.0114955"
"2020.coling-main.531","P08-1088","0","0.0750546"
"2020.coling-main.531","E17-1102","0","0.0376756"
"2020.coling-main.531","J17-2001","0","0.0196008"
"2020.coling-main.531","W10-2405","0","0.0951717"
"2020.coling-main.531","2020.acl-main.618","0","0.0951141"
"2020.coling-main.531","W02-0902","0","0.282156"
"2020.coling-main.531","W10-2404","0","0.281312"
"2020.coling-main.531","D18-1549","0","0.100146"
"2020.coling-main.531","W09-3501","0","0.0498586"
"2020.coling-main.531","D15-1166","0","0.016458"
"2020.coling-main.531","2020.bucc-1.2","0","0.0251298"
"2020.coling-main.531","P18-2062","0","0.0170745"
"2020.coling-main.531","J17-2003","1","0.900897"
"2020.coling-main.531","2020.bucc-1.8","1","0.745542"
"2020.coling-main.531","P16-1024","0","0.0858517"
"2020.emnlp-main.203","W18-6401","0","0.0195614"
"2020.emnlp-main.203","P18-4020","0","0.0487814"
"2020.emnlp-main.203","W14-3348","0","0.00966327"
"2020.emnlp-main.203","2020.acl-main.145","0","0.336439"
"2020.emnlp-main.203","P02-1040","0",\N
"2020.emnlp-main.203","W15-3049","0",\N
"2020.emnlp-main.203","Q17-1026","0",\N
"2020.emnlp-main.203","W17-4705","0",\N
"2020.emnlp-main.203","D18-1338","0",\N
"2020.emnlp-main.203","P16-1162","0",\N
"2020.emnlp-main.203","D18-1461","0",\N
"2020.emnlp-main.203","tiedemann-2012-parallel","0",\N
"2020.findings-emnlp.150","2020.acl-main.493","0","0.026025"
"2020.findings-emnlp.150","2020.acl-main.747","0","0.173152"
"2020.findings-emnlp.150","D18-1269","0","0.0412762"
"2020.findings-emnlp.150","N19-1423","0","0.0426482"
"2020.findings-emnlp.150","N13-1073","0","0.127813"
"2020.findings-emnlp.150","D18-1002","0","0.0660149"
"2020.findings-emnlp.150","W19-6721","0","0.0363306"
"2020.findings-emnlp.150","L18-1550","0","0.0632994"
"2020.findings-emnlp.150","N19-1419","0","0.0240241"
"2020.findings-emnlp.150","W11-4615","0","0.0209665"
"2020.findings-emnlp.150","D18-1330","0","0.0325126"
"2020.findings-emnlp.150","P09-5002","0","0.00950591"
"2020.findings-emnlp.150","D19-1279","0","0.357373"
"2020.findings-emnlp.150","D18-2012","0","0.0165127"
"2020.findings-emnlp.150","D19-1167","0","0.110506"
"2020.findings-emnlp.150","P12-3005","0","0.0977273"
"2020.findings-emnlp.150","W03-0301","0","0.0287526"
"2020.findings-emnlp.150","P00-1056","0","0.418501"
"2020.findings-emnlp.150","J03-1002","0","0.0123249"
"2020.findings-emnlp.150","P19-1493","0","0.442784"
"2020.findings-emnlp.150","D19-1077","0","0.364128"
"2020.findings-emnlp.150","W19-6204","0","0.0884765"
"2020.findings-emnlp.150","D07-1043","0","0.102303"
"2020.findings-emnlp.150","2020.findings-emnlp.147","0","0.0264938"
"2020.findings-emnlp.150","D19-1575","0","0.27855"
"2020.findings-emnlp.150","W14-3302","0",\N
"2020.findings-emnlp.150","W19-5401","0",\N
"2020.lrec-1.313","E17-1088","0","0.216796"
"2020.lrec-1.313","P19-1019","0","0.0214901"
"2020.lrec-1.313","Q17-1010","0","0.0695223"
"2020.lrec-1.313","W16-2301","0","0.0322"
"2020.lrec-1.313","N18-2030","1","0.133539"
"2020.lrec-1.313","Y09-2024","0","0.192847"
"2020.lrec-1.313","D16-1136","0","0.0233801"
"2020.lrec-1.313","J17-2001","0","0.0197126"
"2020.lrec-1.313","D14-1181","0","0.00335256"
"2020.lrec-1.313","P15-1027","0","0.0204203"
"2020.lrec-1.313","N19-1045","0","0.0273787"
"2020.lrec-1.313","N16-1118","0","0.0149802"
"2020.lrec-1.313","W18-2204","0","0.0194506"
"2020.lrec-1.313","D14-1162","0","0.0821541"
"2020.lrec-1.313","D16-1103","0","0.0116524"
"2020.lrec-1.313","P16-1024","0","0.151659"
"2020.wmt-1.128","P18-1073","0","0.325239"
"2020.wmt-1.128","D18-1399","0","0.357372"
"2020.wmt-1.128","J82-2005","0","0.696537"
"2020.wmt-1.128","2020.acl-main.421","0","0.0331286"
"2020.wmt-1.128","D19-1165","0","0.0222418"
"2020.wmt-1.128","2020.emnlp-main.214","1","0.759967"
"2020.wmt-1.128","N19-1423","0","0.0220642"
"2020.wmt-1.128","D18-1045","0","0.0216243"
"2020.wmt-1.128","D19-1632","0","0.034048"
"2020.wmt-1.128","kocmi-bojar-2017-curriculum","0","0.0206797"
"2020.wmt-1.128","D18-1549","0","0.0199857"
"2020.wmt-1.128","N19-1119","0","0.0411198"
"2020.wmt-1.128","W18-6319","0","0.0223994"
"2020.wmt-1.128","N19-1189","0","0.0193026"
"2020.wmt-1.128","2020.acl-main.170","0","0.0715955"
"2020.wmt-1.128","D17-1038","0","0.0263883"
"2020.wmt-1.128","P16-1009","0","0.219369"
"2020.wmt-1.128","P16-1162","0","0.330446"
"2020.wmt-1.128","W19-5344","1","0.827236"
"2020.wmt-1.128","2020.acl-main.689","0","0.0247685"
"2020.wmt-1.131","P18-1073","0","0.310927"
"2020.wmt-1.131","D18-1399","0","0.213784"
"2020.wmt-1.131","W19-5301","0","0.0568547"
"2020.wmt-1.131","Q17-1010","0","0.0347637"
"2020.wmt-1.131","W19-5206","0","0.0159603"
"2020.wmt-1.131","P17-2090","0","0.0157647"
"2020.wmt-1.131","L18-1550","0","0.0200445"
"2020.wmt-1.131","W18-2703","0","0.0131086"
"2020.wmt-1.131","P18-4020","0","0.0268715"
"2020.wmt-1.131","W18-6325","0","0.0731864"
"2020.wmt-1.131","P07-2045","0","0.00940763"
"2020.wmt-1.131","W17-3204","0","0.0135707"
"2020.wmt-1.131","D18-2012","0","0.0163438"
"2020.wmt-1.131","J82-2005","0","0.69835"
"2020.wmt-1.131","P16-1009","0","0.537623"
"2020.wmt-1.131","P16-1162","0","0.738073"
"2020.wmt-1.131","P19-1021","0","0.0496486"
"2020.wmt-1.131","I17-2050","0","0.0153509"
"2020.wmt-1.131","tiedemann-2012-parallel","0","0.0222884"
"2020.wmt-1.131","P02-1040","0","0.108181"
"2020.wmt-1.131","W17-4770","0","0.0355876"
"2020.wmt-1.131","D18-1100","0","0.014892"
"2020.wmt-1.131","2020.acl-main.170","0","0.187155"
"2020.wmt-1.131","P12-1049","1","0.779845"
"2020.wmt-1.131","D16-1163","0","0.0240659"
"2020.wmt-1.131","W16-2323","0","0.295248"
"2020.wmt-1.80","2020.wmt-1.127","0","0.0907538"
"2020.wmt-1.80","2020.wmt-1.128","1","0.768444"
"2020.wmt-1.80","2020.wmt-1.130","0","0.0847551"
"2020.wmt-1.80","2020.wmt-1.132","0","0.094985"
"2020.wmt-1.80","2020.wmt-1.133","0","0.0480773"
"2020.wmt-1.80","2020.wmt-1.22","0","0.246876"
"2020.wmt-1.80","2020.wmt-1.131","1","0.520117"
"2020.wmt-1.80","2020.wmt-1.136","0","0.0526147"
"2021.acl-short.30","E17-1088","0","0.151659"
"2021.acl-short.30","N09-1003","0","0.189842"
"2021.acl-short.30","D16-1250","0","0.0162304"
"2021.acl-short.30","P17-1042","0","0.0686822"
"2021.acl-short.30","2020.acl-main.658","0","0.215021"
"2021.acl-short.30","2020.lrec-1.313","1","0.558242"
"2021.acl-short.30","W19-5301","0","0.0530867"
"2021.acl-short.30","Q17-1010","0","0.518573"
"2021.acl-short.30","N19-1423","0","0.00866048"
"2021.acl-short.30","I05-1067","0","0.071626"
"2021.acl-short.30","J82-2005","0","0.668161"
"2021.acl-short.30","P18-1072","0","0.144673"
"2021.acl-short.30","N15-1104","0","0.0248071"
"2021.acl-short.30","W06-1104","0","0.0286249"
"2021.adaptnlp-1.9","W17-4712","0","0.0141829"
"2021.adaptnlp-1.9","W17-3205","0","0.0175875"
"2021.adaptnlp-1.9","N13-1073","0","0.0298407"
"2021.adaptnlp-1.9","E17-3017","0","0.0782703"
"2021.adaptnlp-1.9","N19-1191","0","0.0219587"
"2021.adaptnlp-1.9","N10-1000","0","0.0250575"
"2021.adaptnlp-1.9","D19-6503","0","0.0178905"
"2021.adaptnlp-1.9","D18-1325","0","0.341492"
"2021.adaptnlp-1.9","kobus-etal-2017-domain","0","0.184973"
"2021.adaptnlp-1.9","W04-3250","0","0.142336"
"2021.adaptnlp-1.9","D19-1168","0","0.019387"
"2021.adaptnlp-1.9","D18-1049","0","0.0375628"
"2021.adaptnlp-1.9","W17-4811","0","0.0801347"
"2021.adaptnlp-1.9","C18-1269","0","0.0178447"
"2021.adaptnlp-1.9","D19-1081","0","0.0285276"
"2021.adaptnlp-1.9","P19-1116","0","0.0382067"
"2021.adaptnlp-1.9","P18-1117","0","0.217342"
"2021.adaptnlp-1.9","D19-1164","0","0.0158775"
"2021.findings-emnlp.315","P19-1120","0","0.0197317"
"2021.findings-emnlp.315","C08-1114","0","0.0227786"
"2021.findings-emnlp.315","P07-2045","0","0.00627561"
"2021.findings-emnlp.315","N13-1090","0","0.130532"
"2021.ltedi-1.3","2020.semeval-1.274","0","0.0273794"
"2021.ltedi-1.3","W18-5102","0","0.312232"
"2021.ltedi-1.3","D14-1181","0","0.0178921"
"2021.ltedi-1.3","P07-2045","0","0.00628363"
"2021.ltedi-1.3","D19-1520","0","0.0270744"
"2021.ltedi-1.3","E06-3004","0","0.541211"
"2021.ltedi-1.3","2020.alw-1.18","0","0.180559"
"2021.ltedi-1.3","W18-5118","0","0.379222"
"2021.ltedi-1.3","N19-1423","0","0.0263118"
"2021.ltedi-1.3","2020.emnlp-main.470","0","0.0613401"
"2021.mrl-1.4","N19-1423","0","0.461308"
"2021.mrl-1.4","2021.acl-short.30","1","0.77291"
"2021.mrl-1.4","N18-1032","0","0.0171527"
"2021.mrl-1.4","N19-1188","0","0.0505679"
"2021.mrl-1.4","E17-1088","0","0.0198167"
"2021.mrl-1.4","D18-1024","0","0.0770494"
"2021.mrl-1.4","D18-1330","0","0.0131177"
"2021.mrl-1.4","K18-1021","0","0.325248"
"2021.mrl-1.4","P17-1042","0","0.0211452"
"2021.mrl-1.4","C12-1089","0","0.0243763"
"2021.mrl-1.4","P18-1073","0","0.0887426"
"2021.mrl-1.4","D18-1549","0","0.347901"
"2021.mrl-1.4","2020.acl-main.658","0","0.0110511"
"2021.mrl-1.4","2020.lrec-1.313","1","0.891599"
"2021.mrl-1.4","Q17-1010","0","0.668167"
"2021.mrl-1.4","I17-2050","0","0.162962"
"2021.mrl-1.4","P19-1492","0","0.0172665"
"2021.mrl-1.4","P19-1018","0","0.0156153"
"2021.mrl-1.4","N19-1162","0","0.0202397"
"2021.mrl-1.4","P18-1072","0","0.0264204"
"2021.mrl-1.4","D19-1449","0","0.0335657"
"2021.mrl-1.4","P16-1024","0","0.0661944"
"2021.mrl-1.4","W14-1613","0","0.0213169"
"2021.mrl-1.4","P17-1179","0","0.0278285"
"2021.naacl-main.16","2020.emnlp-main.617","0","0.0442538"
"2021.naacl-main.16","D19-1632","0","0.0926039"
"2021.naacl-main.16","W15-3049","0","0.0384829"
"2021.naacl-main.16","W18-6319","0","0.0245581"
"2021.naacl-main.16","E17-2025","0","0.0658494"
"2021.naacl-main.16","D19-1071","0","0.017674"
"2021.naacl-main.16","P16-1009","0","0.114803"
"2021.naacl-main.16","P16-1162","0","0.335903"
"2021.naacl-main.16","tiedemann-2012-parallel","0","0.0491011"
"2021.naacl-main.16","2020.emnlp-main.586","0","0.0583622"
"C10-2010","P91-1022","0","0.83247"
"C10-2010","ceausu-etal-2006-acquis","0","0.0148082"
"C10-2010","J93-1004","0","0.941408"
"C10-2010","P96-1018","0","0.0764464"
"C10-2010","W04-3250","0","0.0375857"
"C10-2010","ma-2006-champollion","0","0.0626307"
"C10-2010","J00-2004","0","0.0454446"
"C10-2010","moore-2002-fast","0","0.186026"
"C10-2010","P94-1012","0","0.369567"
"C10-2010","P93-1002","0",\N
"C14-1041","C14-1181","0","0.0290178"
"C14-1041","D13-1174","0","0.344604"
"C14-1041","N12-1047","0","0.00920044"
"C14-1041","N13-1003","0","0.251845"
"C14-1041","J07-2003","0","0.0625223"
"C14-1041","P05-1066","1","0.078446"
"C14-1041","2007.mtsummit-papers.16","0","0.201558"
"C14-1041","C10-2023","0","0.179282"
"C14-1041","P11-1105","1","0.479753"
"C14-1041","N13-1001","1","0.226932"
"C14-1041","P13-2071","1","0.567963"
"C14-1041","E14-4029","1","0.417624"
"C14-1041","P08-1115","0","0.0148386"
"C14-1041","2012.eamt-1.6","0","0.0235645"
"C14-1041","E12-1068","1","0.40458"
"C14-1041","P06-1121","0","0.00965802"
"C14-1041","P14-1066","0","0.0440211"
"C14-1041","P12-1016","0","0.00479192"
"C14-1041","W10-1710","0","0.04755"
"C14-1041","2012.iwslt-papers.17","1","0.832647"
"C14-1041","W11-2123","0","0.00711102"
"C14-1041","E09-1043","1","0.844957"
"C14-1041","E14-1003","0","0.045332"
"C14-1041","P07-1019","0","0.0167512"
"C14-1041","D07-1091","1","0.330247"
"C14-1041","E03-1076","1","0.545896"
"C14-1041","P07-2045","1","0.0212808"
"C14-1041","W04-3250","1","0.141116"
"C14-1041","N04-1022","0","0.0715901"
"C14-1041","N12-1005","0","0.0378999"
"C14-1041","J06-4004","0","0.140693"
"C14-1041","W11-2124","0","0.0222468"
"C14-1041","J03-1002","0","0.0202923"
"C14-1041","E99-1010","0","0.442864"
"C14-1041","P02-1040","0","0.100863"
"C14-1041","popovic-ney-2006-pos","0","0.201708"
"C14-1041","C12-2104","0","0.0162602"
"C14-1041","P08-1059","0","0.0128728"
"C14-1041","W12-3157","0","0.0126006"
"C14-1041","D13-1138","0","0.365066"
"C14-1041","C04-1073","0","0.0421089"
"C14-1041","P10-1047","0","0.0375461"
"C14-1041","W06-3119","0","0.0289361"
"C14-1041","J04-2004","0",\N
"C14-1041","2013.iwslt-evaluation.16","1",\N
"C14-1041","W13-2201","1",\N
"C14-1041","2013.iwslt-evaluation.3","1",\N
"D07-1006","J00-1004","0","0.0127509"
"D07-1006","N06-1013","0","0.0262688"
"D07-1006","J93-2003","0","0.0754534"
"D07-1006","P03-1012","0","0.0160584"
"D07-1006","P05-1033","0","0.0534291"
"D07-1006","H05-1022","0","0.291779"
"D07-1006","P06-1097","1","0.924217"
"D07-1006","H05-1012","0","0.245971"
"D07-1006","J99-4005","0","0.0357066"
"D07-1006","N03-1017","1","0.191664"
"D07-1006","N06-1015","0","0.221337"
"D07-1006","N06-1014","0","0.37423"
"D07-1006","P05-1057","0","0.0961153"
"D07-1006","W05-0812","0","0.110907"
"D07-1006","W02-1018","1","0.955473"
"D07-1006","C04-1032","0","0.0448064"
"D07-1006","P06-1065","0","0.223701"
"D07-1006","P02-1038","0","0.0451781"
"D07-1006","J03-1002","0","0.41614"
"D07-1006","J04-4002","0","0.109529"
"D07-1006","P03-1021","0","0.0606469"
"D07-1006","W02-1012","0","0.0197476"
"D07-1006","C96-2141","0","0.986805"
"D07-1006","P98-2221","0","0.138288"
"D07-1006","J97-3002","0","0.399103"
"D07-1006","P01-1067","0","0.0485432"
"D07-1006","C04-1006","0","0.152164"
"D07-1006","C04-1060","0","0.0184119"
"D07-1006","J07-3002","1",\N
"D07-1006","C98-2216","0",\N
"D07-1006","P01-1030","1",\N
"D15-1129","2009.iwslt-papers.4","0","0.475384"
"D15-1129","D10-1063","0","0.0140753"
"D15-1129","D13-1053","0","0.0189745"
"D15-1129","2006.amta-papers.8","0","0.0419335"
"D15-1129","P13-1141","0","0.0142358"
"D15-1129","W14-4018","0","0.0599425"
"D15-1129","W04-3250","0","0.121965"
"D15-1129","N12-1047","0","0.0540739"
"D15-1129","P10-1146","0","0.0163573"
"D15-1129","P11-2072","0","0.0134356"
"D15-1129","P06-1077","0","0.0494218"
"D15-1129","D08-1010","0","0.0193018"
"D15-1129","2011.mtsummit-papers.28","0","0.034716"
"D15-1129","P10-2002","0","0.23718"
"D15-1129","D07-1079","0","0.0161739"
"D15-1129","P02-1040","0","0.0958523"
"D15-1129","N04-1035","0","0.335276"
"D15-1129","P06-1055","0","0.150246"
"D15-1129","P06-1121","0","0.364243"
"D15-1129","C08-1041","0","0.0208798"
"D15-1129","D10-1054","0","0.0191569"
"D15-1129","W12-3150","0","0.106353"
"D15-1129","P13-1111","0","0.0120621"
"D15-1129","D11-1019","0","0.0176334"
"D15-1129","W09-0401","0",\N
"D15-1129","J07-2003","0",\N
"D15-1272","C10-3009","0","0.0148955"
"D15-1272","P14-5010","0","0.00199005"
"D15-1272","chrupala-etal-2008-learning","0","0.0925021"
"D15-1272","J93-2004","0","0.0488165"
"D15-1272","N15-1055","1","0.894932"
"D15-1272","W02-1001","0","0.0542005"
"D15-1272","D13-1032","1","0.912146"
"D15-1272","P14-2102","1","0.754648"
"D15-1272","D08-1113","0","0.0505869"
"D15-1272","P13-3023","0","0.0421399"
"D15-1272","E12-1068","1","0.283993"
"D15-1272","P12-2072","0","0.0321468"
"D15-1272","padro-stanilovsky-2012-freeling","0","0.0187324"
"D15-1272","W96-0213","0","0.203493"
"D15-1272","W10-1410","0","0.0704151"
"D15-1272","P08-1103","0","0.0390074"
"D15-1272","H05-1060","0","0.0361191"
"D15-1272","P09-1055","0","0.102223"
"D15-1272","P09-1054","0","0.0122241"
"D15-1272","C00-2137","0","0.0183128"
"E09-1033","J07-4002","1","0.885864"
"E09-1033","J93-2003","0","0.0126508"
"E09-1033","D08-1092","0","0.0565955"
"E09-1033","P05-1022","0","0.107013"
"E09-1033","W98-1115","0","0.0270442"
"E09-1033","W06-1608","0","0.056453"
"E09-1033","2008.amta-srw.2","0","0.716401"
"E09-1033","J07-3002","1","0.821458"
"E09-1033","P02-1035","0","0.028046"
"E09-1033","C04-1024","0","0.533724"
"E09-1033","P06-2039","0","0.0167168"
"E09-1033","steinberger-etal-2006-jrc","0","0.0309533"
"E09-1033","N01-1026","0","0.0753461"
"E09-1033","W06-2002","0","0.0277199"
"E09-1033","N03-1016","0","0.0113093"
"E09-1033","N03-1017","0","0.00391606"
"E09-1033","2005.mtsummit-papers.11","0","0.0213247"
"E09-1033","J93-2004","0","0.0335382"
"E09-1033","N06-1020","0","0.053054"
"E09-1033","J03-1002","0","0.00441457"
"E09-1033","P03-1021","0","0.00834679"
"E12-1068","P08-1087","0","0.108597"
"E12-1068","P08-2039","0","0.0493127"
"E12-1068","W10-1705","0","0.154895"
"E12-1068","P11-1004","0","0.0914439"
"E12-1068","W09-0420","1","0.874006"
"E12-1068","W10-1734","1","0.864458"
"E12-1068","D07-1091","0","0.685969"
"E12-1068","E03-1076","0","0.321449"
"E12-1068","P10-1052","0","0.234392"
"E12-1068","D10-1015","0","0.0193011"
"E12-1068","schmid-etal-2004-smor","0","0.877102"
"E12-1068","C04-1024","0","0.286356"
"E12-1068","W11-2129","0","0.446157"
"E12-1068","P08-1059","0","0.455719"
"E12-1068","2007.mtsummit-papers.65","0","0.019067"
"E12-1068","W11-2126","0","0.152964"
"E12-1068","P10-1047","0","0.0195547"
"E12-1074","P05-1022","0","0.164074"
"E12-1074","P05-1066","0","0.626584"
"E12-1074","P08-1115","0","0.0166195"
"E12-1074","C10-1043","0","0.586669"
"E12-1074","2007.mtsummit-papers.28","0","0.13323"
"E12-1074","2007.mtsummit-papers.29","0","0.0787998"
"E12-1074","D11-1017","0","0.209794"
"E12-1074","P07-2045","0","0.015547"
"E12-1074","W04-3250","0","0.068289"
"E12-1074","W09-0435","0","0.336075"
"E12-1074","P02-1040","0","0.0830366"
"E12-1074","N09-1028","0","0.0468147"
"E14-1061","N12-1047","0","0.0368869"
"E14-1061","schmid-etal-2004-smor","0","0.288925"
"E14-1061","E12-1068","1","0.889999"
"E14-1061","W10-1734","1","0.959617"
"E14-1061","W11-2129","0","0.322661"
"E14-1061","W11-2123","0","0.0223943"
"E14-1061","E03-1076","0","0.675514"
"E14-1061","W08-0317","0","0.513437"
"E14-1061","P07-2045","0","0.00594032"
"E14-1061","E09-3008","0","0.0820407"
"E14-1061","P08-1059","0","0.139495"
"E14-1061","P13-1058","1","0.831988"
"E14-1061","P11-1140","0","0.229461"
"E14-1061","P02-1040","0",\N
"E17-2059","N12-1047","0","0.0199491"
"E17-2059","N13-1001","1","0.853824"
"E17-2059","W10-1705","1","0.905261"
"E17-2059","N13-1073","0","0.0371886"
"E17-2059","W11-2138","1","0.887605"
"E17-2059","E12-1068","1","0.915146"
"E17-2059","P98-1080","0","0.622887"
"E17-2059","D07-1091","0","0.389039"
"E17-2059","N03-1017","0","0.0265226"
"E17-2059","P07-2045","1","0.0312554"
"E17-2059","P02-1040","0","0.101706"
"E17-2059","P14-5003","0","0.110248"
"E17-2059","P16-1161","1","0.749918"
"E17-2059","P08-1059","0","0.170483"
"E17-2099","2012.eamt-1.42","1","0.863105"
"E17-2099","W15-0903","1","0.843872"
"E17-2099","loaiciga-etal-2014-english","0","0.0605651"
"E17-2099","W16-2203","1","0.84877"
"E17-2099","schmid-etal-2004-smor","0","0.0241496"
"E17-2099","D07-1007","0","0.0606299"
"E17-2099","D13-1174","0","0.0186888"
"E17-2099","P05-1022","0","0.0418345"
"E17-2099","P05-1066","0","0.0738678"
"E17-2099","E12-1068","1","0.91806"
"E17-2099","E12-1074","1","0.934706"
"E17-2099","2010.amta-papers.33","0","0.026038"
"E17-2099","P10-1052","0","0.10306"
"E17-2099","C04-1024","0","0.0114703"
"E17-2099","P16-1161","1","0.854072"
"E17-2099","P08-1059","0","0.0267052"
"E17-2099","W11-2126","0","0.0180105"
"I11-1015","C08-1068","0","0.517934"
"I11-1015","W09-3536","0","0.117608"
"I11-1015","P10-1048","1","0.879527"
"I11-1015","J03-1002","0","0.0156683"
"I11-1015","P09-1016","0","0.0358459"
"I11-1015","P06-2025","0","0.254507"
"I11-1015","P11-1044","1","0.904408"
"I11-1015","P08-1045","0","0.30392"
"I11-1015","W98-1005","0","0.0866721"
"I11-1015","N03-1017","0","0.0309845"
"I11-1015","P04-1021","0","0.16253"
"I11-1015","N10-1077","1",\N
"I11-1015","W02-0505","0",\N
"I11-1015","J98-4003","0",\N
"J07-3002","H05-1009","0","0.123424"
"J07-3002","J93-2003","0","0.0861831"
"J07-3002","P03-1012","0","0.0574918"
"J07-3002","W05-0814","1","0.75988"
"J07-3002","P06-1097","1","0.766274"
"J07-3002","P04-1064","0","0.259175"
"J07-3002","H05-1012","0","0.380852"
"J07-3002","N03-1017","1","0.0224132"
"J07-3002","N06-1015","0","0.392134"
"J07-3002","P05-1057","0","0.334734"
"J07-3002","W05-0809","0","0.018286"
"J07-3002","W03-0301","0","0.0191539"
"J07-3002","P03-1021","0","0.0758597"
"J07-3002","J03-1002","0","0.35012"
"J07-3002","2001.mtsummit-papers.68","0","0.0149733"
"J07-3002","C96-2141","0","0.961969"
"J07-3002","P02-1040","0",\N
"J07-3002","P06-1065","0",\N
"J07-3002","H05-1011","0",\N
"J07-3002","J00-2004","0",\N
"J07-3002","J08-4005","0",\N
"J07-3002","H05-1010","0",\N
"J13-1005","E06-2001","0","0.074573"
"J13-1005","H91-1060","0","0.502125"
"J13-1005","A00-1031","0","0.0930958"
"J13-1005","N10-1015","0","0.0304786"
"J13-1005","D08-1092","0","0.164596"
"J13-1005","P11-2037","0","0.0377588"
"J13-1005","P04-1082","0","0.0497864"
"J13-1005","P05-1022","0","0.827942"
"J13-1005","P97-1003","0","0.510396"
"J13-1005","A92-1018","0","0.0352465"
"J13-1005","W06-2929","0","0.0602476"
"J13-1005","P03-1013","0","0.0390987"
"J13-1005","P01-1024","0","0.0588643"
"J13-1005","P08-1109","0","0.0939797"
"J13-1005","W07-1203","0","0.0147603"
"J13-1005","2008.amta-srw.2","0","0.0296618"
"J13-1005","E09-1033","1","0.938949"
"J13-1005","N06-1024","0","0.0274491"
"J13-1005","W08-1007","0","0.160992"
"J13-1005","W08-2122","0","0.027458"
"J13-1005","P08-1067","0","0.0386001"
"J13-1005","D09-1127","0","0.0481369"
"J13-1005","J98-4004","0","0.233603"
"J13-1005","P03-1054","0","0.408779"
"J13-1005","2005.mtsummit-papers.11","0","0.0116501"
"J13-1005","W06-1614","0","0.0820292"
"J13-1005","P04-1042","0","0.0790196"
"J13-1005","N06-1020","0","0.165602"
"J13-1005","P06-1043","0","0.0877529"
"J13-1005","E06-1011","0","0.0241518"
"J13-1005","W98-0509","0","0.0308318"
"J13-1005","N07-1051","0","0.0190713"
"J13-1005","W08-1005","0","0.136381"
"J13-1005","W06-1608","0","0.0290991"
"J13-1005","P05-1034","0","0.0754638"
"J13-1005","W08-1006","0","0.02696"
"J13-1005","N10-1049","0","0.0149329"
"J13-1005","W07-2460","0","0.0876378"
"J13-1005","C04-1056","0","0.0313236"
"J13-1005","C04-1024","1","0.911442"
"J13-1005","P06-1023","1","0.822361"
"J13-1005","schmid-etal-2004-smor","1","0.827637"
"J13-1005","C10-2129","0","0.260946"
"J13-1005","P10-1111","0","0.0405122"
"J13-1005","P08-1066","0","0.0270618"
"J13-1005","E12-1006","0","0.13257"
"J13-1005","W10-1401","0","0.107052"
"J13-1005","C10-1123","0","0.0139946"
"J13-1005","W09-3820","0","0.334604"
"J13-1005","J93-2006","0","0.218488"
"J13-1005","W08-1008","0",\N
"J13-1005","P02-1018","0",\N
"J13-1005","J05-1003","0",\N
"J15-2001","W13-2257","0","0.0166003"
"J15-2001","J93-2003","0","0.090203"
"J15-2001","N10-2003","0","0.0347044"
"J15-2001","N13-1003","0","0.0149619"
"J15-2001","J07-2003","0","0.0395574"
"J15-2001","N07-2035","0","0.0710623"
"J15-2001","2005.iwslt-1.25","0","0.0712731"
"J15-2001","2007.mtsummit-papers.16","0","0.0557062"
"J15-2001","2009.eamt-1.10","0","0.0196584"
"J15-2001","C10-2023","0","0.0480813"
"J15-2001","N13-1001","1","0.781265"
"J15-2001","P13-2071","1","0.853331"
"J15-2001","W13-2212","1","0.943997"
"J15-2001","C14-1041","1","0.834353"
"J15-2001","P11-1105","1","0.82518"
"J15-2001","D08-1089","0","0.42418"
"J15-2001","N10-1129","0","0.038666"
"J15-2001","W11-2123","0","0.0840724"
"J15-2001","P07-1019","0","0.00922897"
"J15-2001","koen-2004-pharaoh","0","0.186183"
"J15-2001","W04-3250","1","0.372367"
"J15-2001","J10-4005","0","0.083559"
"J15-2001","2005.iwslt-1.8","1","0.753813"
"J15-2001","D07-1091","1","0.765644"
"J15-2001","N03-1017","1","0.0601065"
"J15-2001","N04-1022","0","0.17139"
"J15-2001","J06-4004","0","0.0271931"
"J15-2001","2007.mtsummit-papers.43","0","0.0235298"
"J15-2001","W11-2124","0","0.297085"
"J15-2001","P03-1021","0","0.10251"
"J15-2001","J03-1002","0","0.0268454"
"J15-2001","J04-4002","0","0.218255"
"J15-2001","P05-1069","0","0.175007"
"J15-2001","P11-1086","0","0.0241791"
"J15-2001","N13-1002","0","0.0122981"
"J15-2001","N10-1140","0",\N
"J15-2001","2006.iwslt-evaluation.17","0",\N
"J15-2001","P07-2045","1",\N
"J15-2001","J04-2004","0",\N
"J15-2001","2014.iwslt-evaluation.6","1",\N
"J15-2001","2013.iwslt-evaluation.3","1",\N
"J17-2003","J84-3009","0","0.122732"
"J17-2003","2012.iwslt-papers.6","0","0.0419685"
"J17-2003","W10-2407","0","0.0148307"
"J17-2003","2014.eamt-1.17","0","0.0188764"
"J17-2003","P10-1048","1","0.805721"
"J17-2003","E14-4029","1","0.848098"
"J17-2003","eisele-chen-2010-multiun","0","0.0445614"
"J17-2003","D11-1128","0","0.0606321"
"J17-2003","J93-1004","0","0.666995"
"J17-2003","W10-2405","0","0.150552"
"J17-2003","N03-1017","0","0.0598518"
"J17-2003","W15-3912","0","0.014598"
"J17-2003","P04-1021","0","0.327325"
"J17-2003","W05-0809","0","0.0518742"
"J17-2003","W10-2412","0","0.014251"
"J17-2003","W10-2408","0","0.0497492"
"J17-2003","J03-1002","0","0.0745413"
"J17-2003","I11-1015","1","0.907278"
"J17-2003","P11-1044","1","0.884668"
"J17-2003","P12-1049","1","0.795048"
"J17-2003","2013.iwslt-evaluation.8","1","0.860414"
"J17-2003","W13-2228","1","0.851534"
"J17-2003","P07-1109","0","0.0293419"
"J17-2003","W06-1630","0","0.0426347"
"J17-2003","W12-4410","0",\N
"J17-2003","J93-2003","0",\N
"J17-2003","C96-2141","0",\N
"J17-2003","W98-1005","0",\N
"J17-2003","W07-0703","0",\N
"J17-2003","J07-3002","1",\N
"J17-2003","W02-0505","0",\N
"J17-2003","C08-1068","0",\N
"J17-2003","N07-1046","0",\N
"J17-2003","W09-3528","0",\N
"J17-2003","N07-1047","0",\N
"J17-2003","P06-1103","0",\N
"J17-2003","P07-1119","0",\N
"J17-2003","P06-1010","0",\N
"J17-2003","P08-1045","0",\N
"J17-2003","P06-2025","0",\N
"J17-2003","W09-3525","0",\N
"J17-2003","W09-3522","0",\N
"J17-2003","W07-0711","0",\N
"J17-2003","W04-3250","0",\N
"J17-2003","2010.iwslt-papers.7","0",\N
"J17-2003","I08-8003","0",\N
"J17-2003","J98-4003","0",\N
"J17-2003","W10-2404","0",\N
"J17-2003","P00-1056","0",\N
"J17-2003","W05-0606","0",\N
"J17-2003","W09-3507","0",\N
"J17-2003","W09-3504","0",\N
"J17-2003","P03-1021","0",\N
"K15-1017","W06-1655","0","0.0677899"
"K15-1017","W06-2920","0","0.0387228"
"K15-1017","chrupala-etal-2008-learning","0","0.145492"
"K15-1017","W02-1001","0","0.168778"
"K15-1017","W02-0603","0","0.824231"
"K15-1017","W04-0106","0","0.110462"
"K15-1017","W05-0701","0","0.101986"
"K15-1017","P08-1115","0","0.064437"
"K15-1017","D13-1032","1","0.778252"
"K15-1017","N13-1004","0","0.0261228"
"K15-1017","D14-1095","0","0.0748928"
"K15-1017","J01-2001","0","0.672752"
"K15-1017","W04-3236","0","0.00874839"
"K15-1017","C14-1111","0","0.0697741"
"K15-1017","N09-1024","0","0.0623345"
"K15-1017","W13-3504","0","0.276986"
"K15-1017","W10-2210","0","0.124893"
"K15-1017","E14-4017","0","0.108741"
"K15-1017","W10-2211","0","0.0842879"
"K15-1017","W06-2918","0","0.0380945"
"K15-1017","C10-1115","0","0.0740834"
"K15-1017","P99-1037","0","0.623548"
"K15-1017","P08-1101","0","0.0645359"
"N10-1113","D08-1092","0","0.0835525"
"N10-1113","J96-2004","0","0.0529047"
"N10-1113","2008.amta-srw.2","0","0.480568"
"N10-1113","E09-1033","1","0.840854"
"N10-1113","2007.tmi-papers.10","0","0.0718207"
"N10-1113","D09-1127","0","0.0380513"
"N10-1113","N03-1017","0","0.00268218"
"N10-1113","2005.mtsummit-papers.11","0","0.0173974"
"N10-1113","J03-1002","0","0.00939333"
"N10-1113","E03-1087","0","0.0266438"
"N10-1113","C04-1024","0","0.0121683"
"N10-1113","N01-1026","0","0.359374"
"N13-1001","J93-2003","0","0.0650306"
"N13-1001","N10-2003","0","0.0274872"
"N13-1001","N07-2035","0","0.427586"
"N13-1001","2005.mtsummit-papers.37","0","0.122551"
"N13-1001","P11-1105","1","0.0967324"
"N13-1001","2010.amta-papers.22","0","0.219773"
"N13-1001","D08-1089","0","0.282782"
"N13-1001","N03-1017","0","0.395697"
"N13-1001","P07-2045","0","0.0197622"
"N13-1001","koen-2004-pharaoh","0","0.151724"
"N13-1001","W04-3250","0","0.0729896"
"N13-1001","J06-4004","0","0.524902"
"N13-1001","J03-1002","0","0.0227905"
"N13-1001","J04-4002","0","0.734935"
"N13-1001","W99-0604","0","0.0862666"
"N13-1001","P02-1040","0","0.107226"
"N13-1001","P05-1069","0","0.0446686"
"N13-1001","P11-1086","0","0.0996612"
"N13-1001","J97-3002","0","0.189575"
"N13-1001","N10-1140","0",\N
"N13-1001","2005.iwslt-1.8","0",\N
"N18-2030","Q17-1010","0","0.152374"
"N18-2030","D16-1136","0","0.0635171"
"N18-2030","E14-1049","0","0.0545883"
"N18-2030","N15-1157","0","0.0196492"
"N18-2030","E17-1102","0","0.0960242"
"N18-2030","P15-1027","0","0.521881"
"N18-2030","P16-1024","0","0.0934446"
"N18-2030","N15-1104","0","0.10379"
"P06-1097","P05-1057","0","0.214078"
"P06-1097","H05-1011","0","0.612532"
"P06-1097","J03-1002","0","0.113385"
"P06-1097","J93-2003","0","0.0595758"
"P06-1097","P03-1021","0","0.726197"
"P06-1097","P04-1023","0","0.624189"
"P06-1097","2001.mtsummit-papers.68","0","0.0129094"
"P06-1097","P03-1012","0","0.0569136"
"P06-1097","H05-1010","0","0.502317"
"P06-1097","C96-2141","0","0.855901"
"P06-1097","H05-1012","0","0.639419"
"P06-1097","W98-1426","0",\N
"P06-1097","2003.mtsummit-papers.53","0",\N
"P06-1097","W04-3208","0",\N
"P06-1097","soricut-etal-2002-using","1",\N
"P06-1097","N04-1014","0",\N
"P06-1097","J93-1004","0",\N
"P06-1097","W02-2103","0",\N
"P06-1097","J91-1004","0",\N
"P06-1097","W95-0115","0",\N
"P06-1097","W99-0604","0",\N
"P06-1097","W99-0906","0",\N
"P06-1097","J97-2001","0",\N
"P06-1097","N04-1035","1",\N
"P06-1097","J99-4005","0",\N
"P06-1097","1994.amta-1.18","0",\N
"P06-1097","1999.tc-1.8","0",\N
"P06-1097","W99-0626","0",\N
"P06-1097","W96-0501","0",\N
"P06-1097","W95-0114","0",\N
"P06-1097","A00-2023","0",\N
"P06-1097","J98-1001","0",\N
"P06-1097","J97-4005","0",\N
"P06-1097","W96-0208","0",\N
"P06-1097","C00-2172","0",\N
"P06-1097","C00-2135","0",\N
"P06-1097","C00-2105","0",\N
"P06-1097","C94-1007","0",\N
"P06-1097","W00-0801","0",\N
"P06-1097","W06-1626","0",\N
"P06-1097","C94-2183","0",\N
"P06-1097","C00-2089","0",\N
"P06-1097","W98-1230","0",\N
"P06-1097","2002.tmi-papers.20","0",\N
"P06-1097","W02-1021","0",\N
"P06-1097","N03-2036","0",\N
"P06-1097","W01-1407","0",\N
"P06-1097","P98-1069","0",\N
"P06-1097","C98-1066","0",\N
"P06-1097","J03-3002","0",\N
"P06-1097","P00-1059","0",\N
"P06-1097","W98-1005","0",\N
"P06-1097","C00-1007","0",\N
"P06-1097","C02-1012","0",\N
"P06-1097","C96-2098","0",\N
"P06-1097","J07-3002","1",\N
"P06-1097","W01-1412","0",\N
"P06-1097","N01-1020","0",\N
"P06-1097","J90-2002","0",\N
"P06-1097","P03-1054","0",\N
"P06-1097","P02-1040","0",\N
"P06-1097","P95-1026","0",\N
"P06-1097","P95-1034","0",\N
"P06-1097","W01-1409","0",\N
"P06-1097","P99-1067","0",\N
"P06-1097","J94-4003","0",\N
"P06-1097","N06-1031","0",\N
"P06-1097","P98-1116","0",\N
"P06-1097","C98-1112","0",\N
"P06-1097","P02-1039","0",\N
"P06-1097","1995.tmi-1.21","0",\N
"P06-1097","P01-1067","0",\N
"P06-1097","J95-4004","0",\N
"P06-1097","P03-1011","0",\N
"P06-1097","P01-1050","1",\N
"P06-1097","P93-1003","0",\N
"P06-1097","P91-1034","0",\N
"P06-1097","J98-1004","0",\N
"P06-1097","knight-al-onaizan-1998-translation","0",\N
"P06-1097","N06-1001","1",\N
"P06-1097","J96-4002","0",\N
"P06-1097","J04-2003","0",\N
"P06-1097","P04-1067","0",\N
"P06-1097","P03-1057","0",\N
"P06-1097","A00-1031","0",\N
"P06-1097","N04-1022","0",\N
"P06-1097","P06-1055","0",\N
"P06-1097","W03-0430","0",\N
"P06-1097","P03-2041","0",\N
"P06-1097","P05-1074","0",\N
"P06-1097","P99-1068","0",\N
"P06-1097","P96-1021","0",\N
"P06-1097","P02-1051","0",\N
"P06-1097","N03-1017","1",\N
"P06-1097","P02-1038","0",\N
"P06-1097","P97-1037","0",\N
"P06-1097","J97-3002","0",\N
"P06-1097","W02-1039","0",\N
"P06-1097","P04-1068","0",\N
"P06-1097","J03-1005","0",\N
"P06-1097","P06-1121","1",\N
"P06-1097","J08-3004","0",\N
"P06-1097","N04-1021","0",\N
"P06-1097","P97-1017","0",\N
"P06-1097","2006.iwslt-evaluation.12","0",\N
"P06-1097","P03-1020","0",\N
"P06-1097","W01-0504","0",\N
"P06-1097","W00-2004","0",\N
"P06-1097","fleming-cohen-2000-mixed","0",\N
"P06-1097","N06-1033","0",\N
"P06-1097","P00-1056","0",\N
"P06-1097","P97-1047","0",\N
"P06-1097","W00-1401","0",\N
"P06-1097","P96-1029","0",\N
"P06-1097","P01-1030","1",\N
"P10-1048","P04-1021","0","0.0650915"
"P10-1048","P02-1051","0","0.0189206"
"P10-1048","C08-1068","0","0.105223"
"P10-1048","P06-2025","0","0.116436"
"P10-1048","moore-2002-fast","0","0.0206337"
"P10-1048","J03-1002","0","0.0455825"
"P10-1048","2001.mtsummit-papers.68","0","0.0625189"
"P10-1048","P08-1045","0","0.0400247"
"P10-1048","W07-0703","0","0.192128"
"P10-1048","2009.mtsummit-caasl.12","0","0.0167695"
"P10-1048","W03-1508","0","0.0274178"
"P10-1048","N07-1046","0","0.178172"
"P10-1048","koen-2004-pharaoh","0","0.0404474"
"P10-1048","W04-3250","0","0.0158741"
"P10-1048","N10-1077","1",\N
"P10-1048","P02-1040","0",\N
"P10-1048","P07-2045","0",\N
"P10-1048","J98-4003","0",\N
"P11-1044","W10-2407","0","0.0865748"
"P11-1044","eisele-chen-2010-multiun","0","0.0441317"
"P11-1044","W08-0509","0","0.0150714"
"P11-1044","D09-1024","0","0.039788"
"P11-1044","W10-2405","0","0.0779976"
"P11-1044","P06-1103","0","0.112777"
"P11-1044","N03-1017","0","0.329806"
"P11-1044","W10-2404","0","0.0889357"
"P11-1044","W03-0317","0","0.0228532"
"P11-1044","W05-0809","0","0.0389042"
"P11-1044","W10-2408","0","0.0371531"
"P11-1044","J03-1002","0","0.0209882"
"P11-1044","P07-1109","0","0.223769"
"P11-1044","P06-1010","0","0.0192233"
"P11-1044","W06-1630","0","0.179402"
"P11-1044","C96-2141","0","0.420695"
"P11-1044","P07-1015","0","0.0435323"
"P11-1044","J93-2003","0",\N
"P11-1105","J93-2003","0","0.0466104"
"P11-1105","J07-2003","0","0.0818341"
"P11-1105","2009.eamt-1.10","0","0.0357915"
"P11-1105","C10-2023","0","0.0911957"
"P11-1105","2005.iwslt-1.23","0","0.0188713"
"P11-1105","2005.mtsummit-papers.37","0","0.178798"
"P11-1105","N10-1140","0","0.215417"
"P11-1105","N03-1017","0","0.0592803"
"P11-1105","2005.iwslt-1.8","0","0.0973201"
"P11-1105","koen-2004-pharaoh","0","0.0331812"
"P11-1105","W04-3250","0","0.24088"
"P11-1105","W09-0424","0","0.0505208"
"P11-1105","J06-4004","0","0.19283"
"P11-1105","P04-1083","0","0.0444978"
"P11-1105","J03-1002","0","0.0254667"
"P11-1105","J04-4002","0","0.0487591"
"P11-1105","P02-1040","0","0.100978"
"P11-1105","W09-0429","0",\N
"P11-1105","P07-2045","0",\N
"P12-1049","eisele-chen-2010-multiun","0","0.0346249"
"P12-1049","W10-2405","0","0.0874072"
"P12-1049","N03-1017","0","0.0184368"
"P12-1049","P04-1021","0","0.212852"
"P12-1049","W05-0809","0","0.0377036"
"P12-1049","W10-2412","0","0.0242759"
"P12-1049","R11-1053","0","0.0189504"
"P12-1049","W10-2408","0","0.0248795"
"P12-1049","J03-1002","0","0.0287122"
"P12-1049","P11-1044","1","0.89978"
"P12-1049","W10-2407","0",\N
"P12-1049","D11-1128","0",\N
"P12-1049","W10-2403","0",\N
"P12-1049","W10-2404","0",\N
"P13-1058","2012.eamt-1.6","0","0.155104"
"P13-1058","C10-1011","0","0.0114686"
"P13-1058","A97-1052","0","0.219587"
"P13-1058","2012.eamt-1.35","0","0.0170999"
"P13-1058","P05-1005","0","0.0268511"
"P13-1058","W98-1114","0","0.089596"
"P13-1058","P10-1052","0","0.0584832"
"P13-1058","C10-1081","0","0.048035"
"P13-1058","E12-1068","1","0.642165"
"P13-1058","J07-4005","0","0.0160654"
"P13-1058","P08-3010","0","0.0138294"
"P13-1058","N04-1035","0","0.0744853"
"P13-1058","P12-1016","0","0.0289141"
"P13-1058","J05-1004","0","0.0242722"
"P13-1058","N06-1031","0","0.0140266"
"P13-1058","2001.mtsummit-papers.68","0","0.0404221"
"P13-1058","2010.amta-papers.33","0","0.0775772"
"P13-1058","C00-2100","0","0.0661059"
"P13-1058","2009.eamt-1.30","0","0.049735"
"P13-1058","schmid-etal-2004-smor","0","0.0401568"
"P13-1058","N09-2004","0","0.100737"
"P13-1058","C04-1024","0","0.0332844"
"P13-1058","schulte-im-walde-2002-subcategorisation","1","0.776383"
"P13-1058","W11-2129","0","0.153639"
"P13-1058","P03-1002","0","0.0301945"
"P13-1058","P08-1059","0","0.367113"
"P13-1058","P02-1040","0",\N
"P13-1058","P11-2121","0",\N
"P13-1058","W12-3150","0",\N
"P13-1058","W08-0308","0",\N
"P13-2071","N12-1047","0","0.023851"
"P13-2071","2012.iwslt-papers.17","1","0.551072"
"P13-2071","N07-2035","0","0.16661"
"P13-2071","W11-2123","0","0.0901439"
"P13-2071","P07-1019","0","0.372958"
"P13-2071","2009.eamt-1.10","0","0.0260482"
"P13-2071","E09-1049","0","0.0142488"
"P13-2071","C10-2023","0","0.141203"
"P13-2071","W12-3139","1","0.843905"
"P13-2071","P11-1105","1","0.732808"
"P13-2071","N03-1017","1","0.0357267"
"P13-2071","N13-1001","1","0.531868"
"P13-2071","P07-2045","1","0.0139628"
"P13-2071","2010.amta-papers.22","0","0.288871"
"P13-2071","W04-3250","1","0.53813"
"P13-2071","N04-1022","0","0.483452"
"P13-2071","W11-2124","0","0.0307268"
"P13-2071","J04-4002","0","0.11205"
"P13-2071","P02-1040","0","0.106262"
"P13-2071","N06-1002","0","0.0506902"
"P13-2071","I08-2089","1","0.813358"
"P13-2071","N04-4026","0","0.0506055"
"P13-2071","P11-1086","0","0.0372821"
"P13-2071","N13-1002","0","0.215931"
"P13-2071","N10-1140","0",\N
"P13-2071","J06-4004","0",\N
"P16-1161","D07-1007","0","0.312333"
"P16-1161","2012.eamt-1.60","0","0.0164676"
"P16-1161","P11-2031","0","0.0533509"
"P16-1161","P14-1129","0","0.036134"
"P16-1161","W08-0302","0","0.0657345"
"P16-1161","2010.amta-papers.33","0","0.107227"
"P16-1161","D07-1091","0","0.151245"
"P16-1161","2005.mtsummit-papers.11","0","0.0967476"
"P16-1161","D09-1022","0","0.0271419"
"P16-1161","W11-2124","0","0.0242953"
"P16-1161","P03-1021","0","0.038966"
"P16-1161","P14-5003","0","0.0928089"
"P16-1161","P11-1024","0","0.0179208"
"P16-1161","tufis-etal-2008-racais","0","0.132569"
"P16-1161","H05-1097","0","0.0554915"
"P16-1161","W14-3302","1",\N
"P17-4001","D15-1294","1","0.860611"
"P17-4001","2005.mtsummit-papers.11","0","0.112051"
"P17-4001","loaiciga-etal-2014-english","1","0.891583"
"P17-4001","J05-1004","0","0.201333"
"P17-4001","W16-2203","1","0.815444"
"P17-4001","D10-1032","0","0.417965"
"P17-4001","D12-1133","0","0.156417"
"P17-4001","E12-1027","0","0.0743976"
"P18-1075","2005.mtsummit-papers.11","0","0.0291577"
"P18-1075","C12-2008","0","0.0275641"
"P18-1075","C10-1004","0","0.0183517"
"P18-1075","P15-1027","0","0.435942"
"P18-1075","L16-1147","0","0.0226462"
"P18-1075","P11-1033","0","0.0232914"
"P18-1075","D16-1136","0","0.0187249"
"P18-1075","W17-2617","0","0.0412645"
"P18-1075","N15-1184","0","0.034825"
"P18-1075","P07-1123","0","0.0650837"
"P18-1075","E14-1049","0","0.030169"
"P18-1075","N15-1157","0","0.0227138"
"P18-1075","N16-1091","1","0.92208"
"P18-1075","P14-1006","0","0.0266157"
"P18-1075","E17-1102","0","0.0391898"
"P18-1075","P16-1024","0","0.053412"
"P18-1075","P15-2118","0","0.0630264"
"P18-1075","D14-1181","0","0.0116884"
"P18-1075","P09-1027","0","0.0514212"
"P18-1075","D13-1153","0","0.0180411"
"P18-1075","N15-1104","0","0.0432713"
"P18-1075","P15-1042","0","0.0252714"
"P18-1075","P16-1133","0","0.0177361"
"P18-1141","Q16-1022","0","0.0496476"
"P18-1141","P14-1006","0","0.122748"
"P18-1141","E17-1102","0","0.0392696"
"P18-1141","D17-1011","1","0.856467"
"P18-1141","C12-1089","0","0.143169"
"P18-1141","E17-1084","0","0.0466535"
"P18-1141","N13-1073","0","0.327681"
"P18-1141","E14-1049","0","0.0743377"
"P18-1141","N16-1155","0","0.0416912"
"P18-1141","2009.mtsummit-posters.11","1","0.830059"
"P18-1141","R09-1040","0","0.13124"
"P18-1141","E17-1072","0","0.33965"
"P18-1141","W15-1521","0","0.0268834"
"P18-1141","D17-1268","0","0.0243288"
"P18-1141","mayer-cysouw-2014-creating","0","0.20655"
"P18-1141","D11-1006","0","0.0371145"
"P18-1141","P97-1063","0","0.402767"
"P18-1141","J03-1002","0","0.0101017"
"P18-1141","E14-4024","0","0.242936"
"P18-1141","E17-2102","0","0.0220708"
"P18-1141","W99-0602","0","0.113614"
"P18-1141","P15-1165","0","0.0424929"
"P18-1141","U05-1019","0","0.0189545"
"P18-1141","E03-1026","0","0.0958877"
"P18-1141","P14-1024","0","0.0230133"
"P18-1141","P16-1157","0","0.0339305"
"P18-1141","E12-1046","0","0.0583073"
"P18-1141","C12-1166","0","0.0573241"
"P18-1141","P15-2118","0","0.0468425"
"P18-1141","W14-1613","0","0.0551922"
"P18-1141","I08-3008","0","0.032048"
"P18-1141","D13-1141","0","0.0380356"
"P19-1118","D18-1214","0","0.013397"
"P19-1118","P18-1073","0","0.0782291"
"P19-1118","D18-1399","0","0.0966195"
"P19-1118","Q17-1010","0","0.00736714"
"P19-1118","N18-2030","1","0.842852"
"P19-1118","D16-1136","0","0.018314"
"P19-1118","E14-1049","0","0.0577486"
"P19-1118","W17-2509","0","0.0663276"
"P19-1118","P17-3003","0","0.127413"
"P19-1118","N04-1034","1","0.594961"
"P19-1118","P06-1011","0","0.155034"
"P19-1118","P18-2062","0","0.0224102"
"P19-1118","P18-2037","0","0.148416"
"P19-1118","P16-1009","0","0.334622"
"P19-1118","N10-1063","0","0.0362227"
"P19-1118","P15-2118","0","0.0765051"
"P19-1118","N15-1104","0","0.226765"
"P19-1118","D17-1319","0","0.0229535"
"P19-1118","P18-1005","0","0.0330962"
"P19-1118","W17-2512","0","0.107771"
"P19-1581","P18-1073","0","0.0253661"
"P19-1581","P19-1019","0","0.0605015"
"P19-1581","Q17-1010","0","0.0446987"
"P19-1581","N18-2030","1","0.940825"
"P19-1581","W17-4713","0","0.0691799"
"P19-1581","P16-1014","0","0.0157605"
"P19-1581","P18-1075","1","0.911766"
"P19-1581","N18-2081","0","0.0756065"
"P19-1581","W17-4730","1","0.871614"
"P19-1581","W17-4706","1","0.899393"
"P19-1581","2005.mtsummit-papers.11","0","0.0159432"
"P19-1581","P07-2045","0","0.00445595"
"P19-1581","N18-1119","0","0.0208947"
"P19-1581","P18-2062","0","0.0552118"
"P19-1581","E17-3017","0","0.0195946"
"P19-1581","P16-1009","0","0.271199"
"P19-1581","P16-1162","0","0.599446"
"P19-1581","P18-1072","0","0.0322542"
"P19-1581","D18-1104","0","0.150908"
"P19-1581","N15-1104","0","0.0309723"
"W05-0814","J93-2003","0","0.0703643"
"W05-0814","2004.iwslt-papers.2","0","0.0116132"
"W05-0814","W03-0305","0","0.037944"
"W05-0814","J03-1002","0","0.0414906"
"W05-0814","P03-1021","0","0.00824257"
"W05-0814","P03-1050","0","0.0143884"
"W05-0814","C96-2141","0","0.157821"
"W09-0420","schmid-etal-2004-smor","0","0.0797319"
"W09-0420","W08-0309","0","0.0207953"
"W09-0420","C04-1024","0","0.105161"
"W09-0420","P05-1066","0","0.24615"
"W09-0420","P04-3014","0","0.0499114"
"W09-0420","W08-0317","0","0.298486"
"W09-0420","P07-1065","0","0.0126959"
"W09-0420","W07-0712","0","0.0282714"
"W09-0420","C96-2141","0","0.0230936"
"W09-0420","W08-0509","0","0.0173787"
"W09-0420","E03-1076","0","0.175581"
"W09-0420","D07-1077","0","0.0167317"
"W09-0420","C04-1073","0","0.0288721"
"W09-0420","N03-1017","0","0.0148918"
"W09-0420","P07-2045","0","0.00819143"
"W09-0420","J04-2003","0","0.071311"
"W09-0420","J03-1002","0","0.0102552"
"W09-0420","2001.mtsummit-papers.68","0","0.0280403"
"W09-0420","popovic-ney-2006-pos","0","0.0454188"
"W09-0420","J93-2003","0",\N
"W09-0420","P02-1040","0",\N
"W09-0420","W05-0909","0",\N
"W10-1734","N09-1046","0","0.0675605"
"W10-1734","E03-1076","0","0.221343"
"W10-1734","P07-2045","0","0.00683085"
"W10-1734","C00-2162","0","0.326203"
"W10-1734","P03-1021","0","0.0306281"
"W10-1734","P02-1040","0","0.0957062"
"W10-1734","schmid-etal-2004-smor","0","0.58599"
"W10-1734","2007.mtsummit-papers.65","0","0.0243793"
"W10-1734","W07-0734","0",\N
"W13-2213","D11-1033","0","0.0919379"
"W13-2213","P05-1066","0","0.0443099"
"W13-2213","P11-1105","1","0.934423"
"W13-2213","N13-1001","1","0.917412"
"W13-2213","P13-2071","1","0.919884"
"W13-2213","W13-2212","1","0.928384"
"W13-2213","J13-1005","1","0.871716"
"W13-2213","W09-0420","1","0.89655"
"W13-2213","W10-1734","1","0.864372"
"W13-2213","schmid-etal-2004-smor","1","0.739052"
"W13-2213","W11-2123","0","0.045987"
"W13-2213","I08-2089","0","0.179256"
"W13-2213","W13-2230","1","0.864769"
"W13-2213","W12-3139","0","0.0378184"
"W13-2213","E03-1076","0","0.439555"
"W13-2213","koen-2004-pharaoh","0","0.0671416"
"W13-2213","J06-4004","0","0.0984652"
"W13-2213","J04-4002","0","0.0848361"
"W13-2213","P11-1044","1","0.696753"
"W13-2213","P12-1049","1","0.737125"
"W13-2213","D11-1017","0",\N
"W13-2213","E12-1074","1",\N
"W13-2213","C04-1024","1",\N
"W13-2213","W13-2228","1",\N
"W13-2228","C12-1121","0","0.0548234"
"W13-2228","J03-1002","0","0.0274782"
"W13-2228","P03-1021","0","0.0050144"
"W13-2228","P11-1044","1","0.923855"
"W13-2228","J93-2003","0","0.0261744"
"W13-2228","P11-1105","1","0.819552"
"W13-2228","P12-1049","1","0.919427"
"W13-2228","C08-1098","1","0.691413"
"W13-2228","W13-2213","1","0.727212"
"W13-2228","D11-1125","0","0.0171179"
"W13-2228","I08-2089","0","0.333709"
"W13-2228","W12-3139","0","0.0320278"
"W13-2228","sharoff-etal-2008-designing","0","0.0184257"
"W13-2228","N03-1017","0","0.00764806"
"W13-2228","C96-2141","0","0.0435274"
"W13-2228","W13-2230","1","0.735961"
"W13-2228","P07-2045","0",\N
"W13-2228","C04-1072","0",\N
"W13-2230","W10-1749","0","0.0262519"
"W13-2230","P12-1050","0","0.0143602"
"W13-2230","P05-1022","0","0.0609343"
"W13-2230","N12-1047","0","0.0466778"
"W13-2230","P05-1066","0","0.216656"
"W13-2230","P11-1105","1","0.789613"
"W13-2230","N13-1001","1","0.816849"
"W13-2230","2012.eamt-1.42","1","0.834142"
"W13-2230","E12-1068","1","0.847569"
"W13-2230","J13-1005","1","0.858728"
"W13-2230","W09-0420","1","0.87823"
"W13-2230","W10-1734","1","0.788681"
"W13-2230","E12-1074","1","0.864449"
"W13-2230","D11-1017","0","0.051958"
"W13-2230","P10-1052","0","0.0314476"
"W13-2230","C12-1121","0","0.0602483"
"W13-2230","P11-1044","1","0.749892"
"W13-2230","P12-1049","1","0.744729"
"W13-2230","W13-2228","1","0.735928"
"W13-2230","C08-1098","1","0.776757"
"W13-2230","schmid-etal-2004-smor","1","0.771053"
"W13-2230","I08-2089","0","0.135299"
"W13-2230","P08-1059","0","0.0269016"
"W13-2230","W13-2213","1",\N
"W14-3305","E03-1076","0","0.126755"
"W14-3305","E14-1061","1","0.867408"
"W14-3305","P07-2045","0","0.0128411"
"W14-3305","P05-1022","0","0.0180409"
"W14-3305","N12-1047","0","0.0211633"
"W14-3305","P05-1066","0","0.109243"
"W14-3305","P11-1140","0","0.0144577"
"W14-3305","N09-1046","0","0.0218904"
"W14-3305","J03-1002","0","0.00488442"
"W14-3305","E12-1068","1","0.916929"
"W14-3305","P02-1040","0","0.0898851"
"W14-3305","W09-0420","1","0.871488"
"W14-3305","W10-1734","1","0.842911"
"W14-3305","C08-1098","0","0.0115114"
"W14-3305","N04-1035","0","0.0444681"
"W14-3305","schmid-etal-2004-smor","0","0.0523514"
"W14-3305","W08-0509","0","0.0138683"
"W14-3305","C04-1024","0","0.0267474"
"W14-3305","E12-1074","1","0.939262"
"W14-3305","W11-2123","0","0.0480288"
"W14-3305","W08-0317","0","0.0192784"
"W14-3305","2010.amta-papers.33","0","0.0248562"
"W14-3305","E09-3008","0","0.0177032"
"W14-3305","P08-1059","0","0.0313341"
"W14-3305","P13-1058","1","0.826574"
"W14-3305","W11-2126","0","0.0145202"
"W14-3305","W11-2129","0",\N
"W14-3305","W12-3150","0",\N
"W14-5709","I08-1033","0","0.0159169"
"W14-5709","bott-schulte-im-walde-2014-optimizing","1","0.806874"
"W14-5709","N12-1047","0","0.0416781"
"W14-5709","W06-1207","0","0.0846585"
"W14-5709","2008.amta-papers.7","0","0.050281"
"W14-5709","W10-1734","1","0.961425"
"W14-5709","W11-2123","0","0.0163357"
"W14-5709","E03-1076","0","0.418448"
"W14-5709","2005.mtsummit-papers.11","0","0.0339958"
"W14-5709","W03-1810","0","0.218336"
"W14-5709","C00-2162","0","0.663192"
"W14-5709","J03-1002","0","0.00610431"
"W14-5709","P02-1040","0","0.0997756"
"W14-5709","I11-1024","0","0.334105"
"W14-5709","E14-1050","0","0.246781"
"W14-5709","schafer-bildhauer-2012-building","0","0.0426085"
"W14-5709","schmid-etal-2004-smor","0","0.115596"
"W14-5709","S13-1038","1","0.724142"
"W14-5709","P07-2045","0",\N
"W15-1008","2009.eamt-1.9","0","0.0256613"
"W15-1008","E12-1068","1","0.813073"
"W15-1008","P08-1059","0","0.0327594"
"W15-1008","P13-1058","1","0.85305"
"W15-1008","W15-4923","1","0.781665"
"W15-3007","W08-0509","0","0.0326054"
"W15-3007","E12-1074","1","0.928717"
"W15-3007","W11-2123","0","0.0197756"
"W15-3007","E14-1061","1","0.680271"
"W15-3007","E03-1076","0","0.124464"
"W15-3007","P07-2045","0","0.00969492"
"W15-3007","P05-1022","0","0.037871"
"W15-3007","N12-1047","0","0.0211874"
"W15-3007","P10-1052","0","0.0427428"
"W15-3007","P11-1140","0","0.0160474"
"W15-3007","P05-1066","0","0.107563"
"W15-3007","J03-1002","0","0.00633943"
"W15-3007","N09-1046","0","0.0195409"
"W15-3007","P02-1040","0","0.0923425"
"W15-3007","E12-1068","1","0.927953"
"W15-3007","C08-1098","0","0.0136356"
"W15-3007","C04-1024","0","0.0110498"
"W15-3007","W11-2129","0","0.0188867"
"W15-3007","W08-0317","0","0.020342"
"W15-3007","P08-1059","0","0.0350702"
"W15-3007","P13-1058","1","0.920801"
"W15-3007","W10-1734","1",\N
"W15-3007","schmid-etal-2004-smor","0",\N
"W15-4923","2009.eamt-1.9","0","0.417564"
"W15-4923","E12-1068","1","0.894077"
"W15-4923","2005.eamt-1.16","0","0.0342591"
"W15-4923","P10-1052","0","0.168043"
"W15-4923","P11-1023","0","0.0612315"
"W15-4923","W06-2113","0","0.0370603"
"W15-4923","D13-1074","0","0.026895"
"W15-4923","schmid-etal-2004-smor","0","0.0792705"
"W15-4923","C04-1024","0","0.0189533"
"W15-4923","W12-0514","0","0.164234"
"W15-4923","P08-1059","0","0.219634"
"W15-4923","W13-2234","0","0.331521"
"W15-4923","P13-1058","1","0.799055"
"W15-4923","2014.amta-researchers.21","1","0.852767"
"W15-4923","P11-2121","0",\N
"W16-2203","P05-1022","0","0.12384"
"W16-2203","E14-1063","0","0.0167788"
"W16-2203","E12-1068","1","0.825832"
"W16-2203","E12-1074","1","0.908121"
"W16-2203","D12-1026","0","0.122736"
"W16-2203","P14-6007","0","0.0273238"
"W16-2203","P08-1087","0","0.0350425"
"W16-2203","P10-1052","0","0.172639"
"W16-2203","D13-1032","0","0.0604081"
"W16-2203","J03-1002","0","0.0115262"
"W16-2203","P02-1040","0","0.0958167"
"W16-2203","W12-3146","0","0.0392091"
"W16-2203","P98-2193","0","0.257303"
"W16-2203","schmid-etal-2004-smor","0","0.153058"
"W16-2203","P12-2039","0","0.0722527"
"W16-2203","W06-0107","0","0.0834361"
"W16-2203","W13-3305","0",\N
"W16-2203","W15-2210","0",\N
"W16-2205","2009.eamt-1.9","0","0.0329357"
"W16-2205","D07-1007","0","0.0242699"
"W16-2205","D13-1174","0","0.0175928"
"W16-2205","W08-0302","0","0.0281093"
"W16-2205","W15-3024","0","0.0423433"
"W16-2205","2010.amta-papers.33","0","0.0258573"
"W16-2205","P10-1052","0","0.0733414"
"W16-2205","schmid-etal-2004-smor","0","0.0300869"
"W16-2205","C04-1024","0","0.019651"
"W16-2205","W12-0514","0","0.0242226"
"W16-2205","W15-3021","0","0.014543"
"W16-2205","P08-1059","0","0.0388851"
"W16-2205","W13-2234","0","0.024745"
"W16-2205","P13-1058","1","0.845029"
"W16-2205","E12-1068","1",\N
"W16-2205","P11-2121","0",\N
"W16-2205","W15-4923","1",\N
"W16-2205","W14-3324","0",\N
"W16-2210","P13-1141","1","0.857525"
"W16-2210","P07-1005","0","0.108569"
"W16-2210","N12-1047","0","0.0696872"
"W16-2210","N09-1025","0","0.0247122"
"W16-2210","P10-1146","0","0.0275418"
"W16-2210","chrupala-etal-2008-learning","0","0.0702923"
"W16-2210","P10-2002","0","0.211377"
"W16-2210","C08-1041","0","0.223471"
"W16-2210","J96-1002","0","0.335164"
"W16-2210","D10-1054","0","0.235429"
"W16-2210","P13-2121","0","0.0440768"
"W16-2210","2009.iwslt-papers.4","0","0.020779"
"W16-2210","D07-1007","0","0.0402698"
"W16-2210","D07-1103","0","0.0635156"
"W16-2210","P07-2045","0","0.00618631"
"W16-2210","P13-1111","0","0.0299038"
"W16-2210","W04-3250","0","0.233709"
"W16-2210","D08-1010","0","0.0427009"
"W16-2210","2011.mtsummit-papers.28","0","0.0360245"
"W16-2210","P08-1114","0","0.035715"
"W16-2210","P02-1040","0","0.0953472"
"W16-2210","P06-1055","0","0.0763415"
"W16-2315","J07-2003","0","0.142484"
"W16-2315","W06-1607","0","0.0385299"
"W16-2315","W16-2304","0","0.12408"
"W16-2315","2011.iwslt-evaluation.18","0","0.0230414"
"W16-2315","E14-2008","1","0.83418"
"W16-2315","J93-2003","0","0.0655029"
"W16-2315","W14-3310","1","0.882823"
"W16-2315","buck-etal-2014-n","0","0.0874284"
"W16-2315","2014.iwslt-evaluation.7","1","0.880814"
"W16-2315","N12-1047","0","0.074748"
"W16-2315","D08-1089","0","0.0533428"
"W16-2315","W08-0509","0","0.0437082"
"W16-2315","2005.mtsummit-papers.11","0","0.104257"
"W16-2315","W15-3013","1","0.839627"
"W16-2315","P02-1038","0","0.264252"
"W16-2315","W11-2123","0","0.0606968"
"W16-2315","J03-1002","0","0.0115423"
"W16-2315","2009.iwslt-papers.4","0","0.0920231"
"W16-2315","P02-1040","0","0.0975049"
"W16-2315","2012.amta-papers.8","1","0.924532"
"W16-2315","W11-2211","1","0.857685"
"W16-2315","2009.mtsummit-posters.17","0","0.0231433"
"W16-2315","W13-2258","1","0.952949"
"W16-2315","2008.iwslt-papers.6","0","0.0482276"
"W16-2315","2015.mtsummit-papers.19","1","0.913146"
"W16-2315","N03-1017","0","0.0312287"
"W16-2315","W10-1738","1","0.878506"
"W16-2315","W16-2327","1","0.705098"
"W16-2315","P05-1033","0",\N
"W16-2315","2013.iwslt-evaluation.16","1",\N
"W16-2315","W16-2320","1",\N
"W16-2320","W16-2304","1","0.833347"
"W16-2320","W05-0909","0","0.583183"
"W16-2320","P13-2071","1","0.873371"
"W16-2320","D15-1129","1","0.847985"
"W16-2320","N13-1073","0","0.034805"
"W16-2320","J04-2004","0","0.0194677"
"W16-2320","2011.mtsummit-papers.30","0","0.020392"
"W16-2320","N12-1047","0","0.591808"
"W16-2320","E14-2008","1","0.72015"
"W16-2320","P05-1033","0","0.151933"
"W16-2320","J07-2003","0","0.558191"
"W16-2320","W14-3310","1","0.909876"
"W16-2320","D14-1179","0","0.0138582"
"W16-2320","2014.iwslt-evaluation.7","1","0.925781"
"W16-2320","D08-1089","0","0.0211464"
"W16-2320","N15-1105","0","0.046766"
"W16-2320","W08-0509","0","0.06624"
"W16-2320","W16-2315","1","0.820309"
"W16-2320","D07-1103","0","0.032902"
"W16-2320","W14-3360","0","0.0191919"
"W16-2320","P07-2045","1","0.010375"
"W16-2320","P13-2121","0","0.0645203"
"W16-2320","W11-2123","0","0.124165"
"W16-2320","N04-1022","0","0.037676"
"W16-2320","2015.iwslt-papers.3","1","0.744353"
"W16-2320","J06-4004","0","0.106202"
"W16-2320","2009.iwslt-papers.4","0","0.0984189"
"W16-2320","P10-2041","0","0.0238386"
"W16-2320","P07-1019","0","0.236745"
"W16-2320","2012.amta-papers.19","1","0.778005"
"W16-2320","W11-2211","1","0.902733"
"W16-2320","W13-2264","1","0.852517"
"W16-2320","W13-2258","1","0.869431"
"W16-2320","E99-1010","0","0.040797"
"W16-2320","P03-1021","0","0.501814"
"W16-2320","D14-1003","1","0.932306"
"W16-2320","P06-1055","0","0.0121776"
"W16-2320","2007.tmi-papers.21","0","0.0230136"
"W16-2320","P16-1161","1","0.729045"
"W16-2320","tufis-etal-2008-racais","0","0.107217"
"W16-2320","P16-1009","1","0.78198"
"W16-2320","P12-3008","0","0.0597108"
"W16-2320","P16-1162","1","0.259658"
"W16-2320","W10-1738","1","0.885055"
"W16-2320","P15-4020","1","0.815128"
"W16-2320","W16-2327","1","0.84726"
"W16-2320","D13-1138","1","0.859072"
"W16-2320","2002.tmi-tutorials.2","0","0.0608664"
"W16-2325","2005.iwslt-1.8","0","0.152572"
"W16-2325","P07-2045","1","0.0213385"
"W16-2325","W13-2208","1","0.840484"
"W16-2325","W15-3006","1","0.864481"
"W16-2325","P03-1021","0","0.0682765"
"W16-2325","W14-3363","0","0.0253533"
"W16-2325","P11-2031","0","0.0511747"
"W16-2325","P13-2071","1","0.867673"
"W16-2325","2005.mtsummit-papers.11","0","0.0101213"
"W16-2325","W12-3146","0","0.156313"
"W16-2325","P16-1161","1","0.84112"
"W16-2325","W15-4103","1","0.784163"
"W16-2325","W14-3322","1","0.860386"
"W16-2325","tufis-etal-2008-racais","0","0.0121309"
"W16-2325","W16-2320","1",\N
"W17-4704","P98-1080","0","0.398697"
"W17-4704","W17-4706","1","0.894349"
"W17-4704","E17-2059","1","0.880553"
"W17-4704","W10-1705","0","0.193071"
"W17-4704","D07-1091","0","0.100921"
"W17-4704","W11-2138","1","0.667633"
"W17-4704","E14-1061","1","0.885965"
"W17-4704","2012.eamt-1.60","0","0.0148467"
"W17-4704","C04-1024","0","0.0161691"
"W17-4704","schmid-etal-2004-smor","0","0.0940886"
"W17-4704","E12-1068","1","0.86302"
"W17-4704","E17-3017","0","0.082642"
"W17-4704","P16-1009","0","0.422319"
"W17-4704","P16-1162","0","0.620335"
"W17-4704","P14-5003","0","0.100642"
"W17-4704","P08-1059","0","0.0485214"
"W17-4706","E17-2059","1","0.80988"
"W17-4706","2005.mtsummit-papers.11","0","0.172732"
"W17-4706","W10-1705","0","0.0891085"
"W17-4706","D07-1091","0","0.0240877"
"W17-4706","P07-2045","0","0.00473"
"W17-4706","E14-1061","1","0.86134"
"W17-4706","E12-1068","1","0.854517"
"W17-4706","E03-1076","0","0.269925"
"W17-4706","H05-1085","0","0.0191425"
"W17-4706","P16-1160","0","0.0307758"
"W17-4706","2007.mtsummit-papers.29","0","0.111134"
"W17-4706","P03-1051","0","0.0457279"
"W17-4706","2015.mtsummit-papers.19","1","0.909261"
"W17-4706","W07-0704","0","0.0265695"
"W17-4706","W17-4730","1","0.835218"
"W17-4706","P02-1040","0","0.102024"
"W17-4706","W17-4704","1","0.854893"
"W17-4706","N07-1007","0","0.0165009"
"W17-4706","E17-3017","0","0.0519559"
"W17-4706","2007.mtsummit-papers.65","0","0.0294509"
"W17-4706","P13-1058","1","0.826422"
"W17-4706","P16-1162","0","0.162103"
"W17-4706","2006.amta-papers.25","0","0.0235575"
"W17-4706","P10-1047","0","0.0160882"
"W17-4706","W16-2323","0",\N
"W17-4706","P16-1161","1",\N
"W17-4706","Q17-1026","0",\N
"W17-4730","D15-1129","1","0.826054"
"W17-4730","E14-1061","1","0.828521"
"W17-4730","W13-2213","1","0.857637"
"W17-4730","E12-1068","1","0.864452"
"W17-4730","E14-2008","1","0.829296"
"W17-4730","E03-1076","0","0.212051"
"W17-4730","2015.mtsummit-papers.19","1","0.84912"
"W17-4730","W11-2132","0","0.130804"
"W17-4730","W16-2315","1","0.869018"
"W17-4730","N16-1046","0","0.0814608"
"W17-4730","2012.amta-papers.8","1","0.824358"
"W17-4730","W17-4706","1","0.915939"
"W17-4730","P02-1040","0","0.0995222"
"W17-4730","E17-2059","1","0.710966"
"W17-4730","W11-2211","1","0.819082"
"W17-4730","W16-2203","1","0.845551"
"W17-4730","2005.mtsummit-papers.11","0","0.349352"
"W17-4730","W13-2228","1","0.875938"
"W17-4730","E17-3017","0","0.0582441"
"W17-4730","W16-2205","1","0.890776"
"W17-4730","W16-2327","1","0.829844"
"W17-4730","P16-1009","0","0.436137"
"W17-4730","P16-1162","0","0.691355"
"W17-4730","P16-1161","1","0.885485"
"W17-4730","W16-2325","1","0.841956"
"W17-4730","P07-2045","0",\N
"W17-4730","W14-3305","1",\N
"W17-4730","W15-3007","1",\N
"W17-4730","W16-2323","0",\N
"W17-4730","W17-4717","1",\N
"W18-1805","P17-1080","0","0.0221371"
"W18-1805","W07-0735","0","0.134385"
"W18-1805","W10-1705","0","0.0195291"
"W18-1805","W17-4703","0","0.0363397"
"W18-1805","W17-4705","0","0.0532634"
"W18-1805","D13-1174","0","0.0241702"
"W18-1805","P11-1004","0","0.0199609"
"W18-1805","N15-1140","0","0.0247419"
"W18-1805","2015.mtsummit-papers.22","0","0.037757"
"W18-1805","D16-1071","0","0.0588349"
"W18-1805","fishel-kirik-2010-linguistically","0","0.027136"
"W18-1805","P16-5005","0","0.0489311"
"W18-1805","H05-1085","0","0.0299749"
"W18-1805","N06-2013","0","0.0131544"
"W18-1805","2015.iwslt-evaluation.4","1","0.86099"
"W18-1805","W17-4730","1","0.910587"
"W18-1805","W17-4706","1","0.908664"
"W18-1805","E17-2059","1","0.637994"
"W18-1805","2005.mtsummit-papers.11","0","0.216382"
"W18-1805","2012.amta-papers.9","0","0.045504"
"W18-1805","D07-1091","0","0.0452999"
"W18-1805","D15-1025","0","0.0526097"
"W18-1805","N16-1030","0","0.0327702"
"W18-1805","N04-4015","0","0.0738797"
"W18-1805","D13-1032","0","0.0667204"
"W18-1805","D15-1272","1","0.910056"
"W18-1805","W17-4708","0","0.0222711"
"W18-1805","P02-1040","0","0.102891"
"W18-1805","popovic-ney-2004-towards","0","0.148929"
"W18-1805","W05-0806","0","0.120155"
"W18-1805","E17-3017","0","0.0333304"
"W18-1805","P16-1162","0","0.246992"
"W18-1805","W08-0317","0","0.0311946"
"W18-1805","W17-4704","1","0.890649"
"W18-1805","P08-1059","0","0.138821"
"W18-1805","P17-1184","0","0.0149416"
"W18-1805","W11-2126","0","0.0207826"
"W18-1805","W14-1005","0","0.0606081"
"W18-6306","P13-4033","0","0.0187561"
"W18-6306","E17-3017","0","0.0254105"
"W18-6306","W09-2404","0","0.101886"
"W18-6306","W12-3156","0","0.022333"
"W18-6306","W10-1737","0","0.0881909"
"W18-6306","D16-1245","0","0.103161"
"W18-6306","W17-4801","0","0.0498952"
"W18-6306","P16-1061","0","0.0284503"
"W18-6306","D13-1032","0","0.0230937"
"W18-6306","E17-2025","0","0.013104"
"W18-6306","W17-4702","0","0.0362758"
"W18-6306","2010.iwslt-papers.10","0","0.0670632"
"W18-6306","W17-4811","0","0.284186"
"W18-6306","N12-1046","0","0.0765489"
"W18-6306","P18-1117","0","0.218523"
"W18-6306","D17-1301","0","0.453665"
"W18-6306","P16-1125","0","0.0300938"
"W18-6428","Q17-1010","0","0.299394"
"W18-6428","N12-1047","0","0.0167383"
"W18-6428","W17-4730","1","0.775314"
"W18-6428","W16-2315","1","0.718664"
"W18-6428","W18-6446","1","0.842817"
"W18-6428","P07-2045","0","0.0187359"
"W18-6428","N15-1104","0","0.0355326"
"W18-6428","W17-3204","0","0.0283197"
"W18-6428","J82-2005","0","0.777273"
"W18-6428","P02-1040","0","0.109099"
"W18-6428","W13-2228","1","0.765538"
"W18-6428","W16-2325","1","0.835038"
"W18-6428","W13-2230","1","0.856869"
"W18-6446","P13-1141","0","0.0165164"
"W18-6446","W18-1805","1","0.839485"
"W18-6446","2005.mtsummit-papers.11","0","0.151966"
"W18-6446","E03-1076","0","0.0910321"
"W18-6446","E17-3017","0","0.393967"
"W18-6446","2015.mtsummit-papers.19","1","0.910911"
"W18-6446","W11-2132","0","0.114925"
"W18-6446","W17-4730","1","0.398125"
"W18-6446","N16-1046","0","0.0395691"
"W18-6446","2012.amta-papers.8","1","0.776451"
"W18-6446","P02-1040","0","0.103687"
"W18-6446","W17-4706","1","0.315058"
"W18-6446","E17-2059","1","0.900188"
"W18-6446","P16-1009","0","0.161609"
"W18-6446","P16-1162","0","0.307933"
"W18-6446","W18-6428","1","0.842817"
"W18-6477","N18-2030","1","0.788722"
"W18-6477","W16-2365","0","0.0308135"
"W18-6477","W12-3131","0","0.232531"
"W18-6477","P13-2121","0","0.048804"
"W18-6477","P18-4020","0","0.0374061"
"W18-6477","C16-1109","0","0.0568128"
"W18-6477","P07-2045","0","0.00680403"
"W18-6477","W18-6453","0","0.175436"
"W18-6477","D17-1155","0","0.013517"
"W18-6477","D17-1147","0","0.0777223"
"W18-6477","D17-1319","0","0.187944"
"W19-1425","P15-2044","0","0.0486182"
"W19-1425","J93-2003","0","0.0754235"
"W19-1425","Q16-1022","0","0.0464809"
"W19-1425","W03-0407","0","0.249056"
"W19-1425","D17-2008","0","0.0393799"
"W19-1425","N13-1073","0","0.0320339"
"W19-1425","L18-1344","0","0.0160892"
"W19-1425","W18-6125","0","0.0365398"
"W19-1425","I17-2003","0","0.0204776"
"W19-1425","K16-1018","0","0.0772158"
"W19-1425","C18-1214","0","0.024249"
"W19-1425","C16-1012","0","0.0201308"
"W19-1425","P16-1101","0","0.0322322"
"W19-1425","de-marneffe-etal-2014-universal","0","0.0252309"
"W19-1425","D17-1302","0","0.0442782"
"W19-1425","de-marneffe-etal-2006-generating","0","0.041623"
"W19-1425","I11-1083","0","0.0246701"
"W19-1425","W08-1301","0","0.0683455"
"W19-1425","D15-1025","0","0.0739305"
"W19-1425","N06-1020","0","0.101571"
"W19-1425","N16-1121","0","0.0208622"
"W19-1425","W15-1834","0","0.057528"
"W19-1425","H05-1108","0","0.0625267"
"W19-1425","P10-1052","0","0.0933039"
"W19-1425","petrov-etal-2012-universal","0","0.456498"
"W19-1425","D18-1061","0","0.0919547"
"W19-1425","P16-2067","0","0.0894869"
"W19-1425","D14-1187","0","0.189103"
"W19-1425","P11-2052","0","0.0610042"
"W19-1425","H05-1107","0","0.0445223"
"W19-1425","N01-1026","0","0.419985"
"W19-1425","D15-1039","0","0.0221195"
"W19-1425","H01-1035","0","0.192274"
"W19-1425","W96-0213","0","0.831596"
"W19-1425","N18-1089","0","0.0230428"
"W19-1425","W17-2213","0","0.205784"
"W19-5344","J82-2005","0","0.772854"
"W19-5344","Q17-1010","0","0.0501673"
"W19-5344","D18-1062","0","0.0378496"
"W19-5344","P07-2045","0","0.0114114"
"W19-5344","P18-1073","0","0.285165"
"W19-5344","W18-6319","0","0.0233906"
"W19-5344","P16-1162","0","0.0710583"
"W19-5344","W18-6428","1","0.787961"
"W19-5345","N18-1118","0","0.0199961"
"W19-5345","W17-3205","0","0.0274271"
"W19-5345","D18-1325","0","0.270482"
"W19-5345","W17-4713","0","0.0262994"
"W19-5345","W18-6319","0","0.01334"
"W19-5345","E17-2045","0","0.0594942"
"W19-5345","P16-1009","0","0.334765"
"W19-5345","W18-1820","0","0.0636364"
"W19-5345","P16-1162","0","0.30501"
"W19-5345","W18-6427","0","0.0392353"
"W19-5345","W18-6415","0","0.0246624"
"W19-5345","W18-6306","1","0.927855"
"W19-5345","kobus-etal-2017-domain","0","0.171789"
"W19-5345","J82-2005","0","0.715168"
"W19-5345","D18-1512","0","0.100592"
"W19-5345","W17-4811","0","0.0347721"
"W19-5345","W18-6312","0","0.0441071"
"W19-5345","Q18-1029","0","0.0445327"
"W19-5345","P18-1117","0","0.337614"
"W19-5345","D17-1301","0","0.18795"
"W19-5345","D18-1049","0","0.098994"
"W19-5345","C18-1269","0","0.0168263"
"W19-6614","P18-1008","0","0.030426"
"W19-6614","N13-1073","0","0.0442486"
"W19-6614","W18-1820","0","0.0213301"
"W19-6614","kocmi-bojar-2017-curriculum","0","0.0174035"
"W19-6614","C18-1051","0","0.0310009"
"W19-6614","N18-1121","0","0.0216676"
"W19-6614","P18-1118","0","0.0453513"
"W19-6614","D18-1325","0","0.441709"
"W19-6614","W18-6307","0","0.0258723"
"W19-6614","P16-1162","0","0.0707586"
"W19-6614","W18-6306","1","0.828482"
"W19-6614","W17-4811","0","0.0630267"
"W19-6614","Q18-1029","0","0.0470113"
"W19-6614","P18-1117","0","0.479908"
"W19-6614","D17-1301","0","0.0368367"
"W19-6614","P18-2048","0","0.0247582"
"W19-6614","D18-1049","0","0.379015"
