"2020.trac-1.1","2020.trac-1.14","0","0.231789"
"2020.trac-1.1","2020.trac-1.15","0","0.0507202"
"2020.trac-1.1","2020.trac-1.12","0","0.0357812"
"2020.trac-1.1","S19-2007","0","0.414215"
"2020.trac-1.1","2020.trac-1.17","0","0.0557343"
"2020.trac-1.1","W18-4401","1","0.88136"
"2020.trac-1.1","2020.trac-1.18","0","0.295322"
"2020.trac-1.1","2020.trac-1.10","0","0.0770099"
"2020.trac-1.1","malmasi-zampieri-2017-detecting","1","0.860794"
"2020.trac-1.1","K15-1032","0","0.029561"
"2020.trac-1.1","2020.trac-1.19","0","0.0543347"
"2020.trac-1.1","2020.trac-1.11","0","0.0381996"
"2020.trac-1.1","2020.lrec-1.629","1","0.848565"
"2020.trac-1.1","2020.trac-1.9","0","0.502008"
"2020.trac-1.1","2020.trac-1.20","0","0.330248"
"2020.trac-1.1","2020.trac-1.16","0","0.0574059"
"2020.trac-1.1","W17-3012","0","0.0377661"
"2020.trac-1.1","N12-1084","0","0.623973"
"2020.trac-1.1","N19-1144","1","0.919061"
"2020.trac-1.1","S19-2010","1","0.879571"
"2021.naacl-main.118","P19-1524","0","0.113926"
"2021.naacl-main.118","2020.repl4nlp-1.1","0","0.0155078"
"2021.naacl-main.118","P16-1101","0","0.0485865"
"2021.naacl-main.118","D19-1005","0","0.0259382"
"2021.naacl-main.118","2020.acl-main.722","0","0.0199265"
"2021.naacl-main.118","2020.emnlp-main.523","0","0.0310682"
"D14-1144","de-marneffe-etal-2006-generating","0","0.00289728"
"D14-1144","W14-3625","1","0.761165"
"D14-1144","E14-4019","1","0.747522"
"D14-1144","W13-1716","1","0.667772"
"D14-1144","E14-4033","0","0.369465"
"D14-1144","P10-1117","0","0.0103612"
"D14-1144","C12-1158","0","0.251498"
"D14-1144","W13-1706","0","0.387579"
"D14-1144","W07-0602","0","0.345237"
"D14-1144","D12-1064","1","0.856292"
"E14-4019","W13-1706","0","0.378307"
"E14-4019","C12-1025","0","0.340093"
"E14-4019","W07-0602","0","0.284166"
"E14-4019","C12-1027","0","0.150967"
"E14-4019","U09-1008","1","0.432497"
"E14-4019","D11-1148","1","0.849433"
"E14-4019","W13-1716","1","0.422025"
"E14-4019","P12-2038","0","0.0919377"
"E14-4019","C12-1158","0","0.301215"
"J18-3003","W17-5025","0","0.0414871"
"J18-3003","P06-4020","0","0.0185625"
"J18-3003","brooke-hirst-2012-measuring","0","0.346229"
"J18-3003","C12-1025","0","0.0420896"
"J18-3003","C14-1185","0","0.0367403"
"J18-3003","W13-1726","0","0.0502666"
"J18-3003","W17-5023","0","0.0367823"
"J18-3003","W17-5049","0","0.221304"
"J18-3003","W13-1727","0","0.0506005"
"J18-3003","W17-5041","0","0.0299776"
"J18-3003","W13-1712","0","0.0558704"
"J18-3003","W13-1729","0","0.049149"
"J18-3003","W13-1713","0","0.050284"
"J18-3003","W13-1730","0","0.0605592"
"J18-3003","W17-5024","0","0.184364"
"J18-3003","D14-1142","0","0.12137"
"J18-3003","J16-3005","0","0.0296618"
"J18-3003","W17-5021","0","0.461653"
"J18-3003","W13-1714","0","0.0445402"
"J18-3003","W17-5043","0","0.0399461"
"J18-3003","W17-5044","0","0.0385807"
"J18-3003","W15-0606","1","0.788838"
"J18-3003","W14-3625","1","0.859836"
"J18-3003","E14-4019","1","0.846416"
"J18-3003","U14-1020","1","0.85752"
"J18-3003","N15-1160","1","0.882698"
"J18-3003","W15-0620","1","0.882544"
"J18-3003","W13-1716","1","0.9035"
"J18-3003","W16-4801","1","0.877455"
"J18-3003","P14-5010","0","0.005809"
"J18-3003","W17-5042","0","0.0222264"
"J18-3003","de-marneffe-etal-2006-generating","0","0.0128688"
"J18-3003","W17-5047","0","0.0450588"
"J18-3003","W13-1735","0","0.0534509"
"J18-3003","W17-5027","0","0.0454599"
"J18-3003","P12-2038","0","0.0326668"
"J18-3003","tenfjord-etal-2006-ask","0","0.188231"
"J18-3003","W13-1706","0","0.0869832"
"J18-3003","C12-1158","0","0.219699"
"J18-3003","N01-1031","0","0.0900484"
"J18-3003","W15-0614","1","0.905428"
"J18-3003","U09-1008","1","0.84359"
"J18-3003","D12-1064","1","0.884234"
"J18-3003","W17-5028","0",\N
"J18-3003","J15-4006","0",\N
"L16-1284","W15-5412","0","0.0342684"
"L16-1284","W15-5410","0","0.477289"
"L16-1284","D14-1069","0","0.0549297"
"L16-1284","L16-1522","0","0.0379652"
"L16-1284","W15-5409","0","0.249914"
"L16-1284","W15-5403","0","0.727991"
"L16-1284","W13-1728","1","0.85986"
"L16-1284","W15-5413","1","0.877349"
"L16-1284","W14-5316","1","0.633192"
"L16-1284","Y08-1042","0","0.049537"
"L16-1284","W15-5408","0","0.33486"
"L16-1284","W14-5317","0","0.112771"
"L16-1284","U13-1003","0","0.421039"
"L16-1284","Q14-1003","0","0.14435"
"L16-1284","W14-5315","0","0.117061"
"L16-1284","W14-4204","0","0.229199"
"L16-1284","D14-1144","1","0.843128"
"L16-1284","W15-5407","1","0.445859"
"L16-1284","W15-0620","1","0.852128"
"L16-1284","W14-5314","0","0.212335"
"L16-1284","W14-3907","0","0.0354693"
"L16-1284","C12-1160","0","0.332039"
"L16-1284","W14-5313","0","0.149574"
"L16-1284","W14-5307","1","0.851072"
"L16-1284","W15-5411","1","0.885723"
"L16-1284","W15-5401","1","0.771913"
"L16-1647","P12-1011","0","0.0220187"
"L16-1647","R13-1018","0","0.0129348"
"L16-1647","W13-2714","0","0.0164411"
"L16-1647","W06-0903","0","0.343169"
"L16-1647","Q16-1003","0","0.0689138"
"L16-1647","E14-4019","1","0.882439"
"L16-1647","D14-1144","1","0.86872"
"L16-1647","P12-2051","0","0.075944"
"L16-1647","E14-4004","1","0.951879"
"L16-1647","I13-1040","0","0.041697"
"L16-1647","S15-2147","0","0.336739"
"L16-1647","S15-2142","0","0.0219181"
"L16-1647","S15-2148","0","0.327017"
"L16-1647","S15-2144","1","0.861705"
"malmasi-zampieri-2017-detecting","N12-1084","0",\N
"malmasi-zampieri-2017-detecting","N15-1160","1",\N
"malmasi-zampieri-2017-detecting","W16-0314","1",\N
"malmasi-zampieri-2017-detecting","W17-3003","0",\N
"malmasi-zampieri-2017-detecting","W17-1101","0",\N
"malmasi-zampieri-2017-detecting","W17-3008","0",\N
"N15-1160","brooke-hirst-2012-measuring","0","0.140452"
"N15-1160","C12-1025","0","0.0479453"
"N15-1160","W13-1727","0","0.144938"
"N15-1160","W00-1322","0","0.0193141"
"N15-1160","W01-0521","0","0.113463"
"N15-1160","W15-0606","1","0.335813"
"N15-1160","W14-3625","1","0.731842"
"N15-1160","E14-4019","1","0.718241"
"N15-1160","U14-1020","1","0.701847"
"N15-1160","D14-1144","1","0.667583"
"N15-1160","W13-1716","1","0.210371"
"N15-1160","W15-0620","1","0.806188"
"N15-1160","E09-1070","0","0.0336972"
"N15-1160","E14-4033","0","0.198827"
"N15-1160","C12-1158","0","0.105171"
"N15-1160","W13-1706","0","0.0749477"
"N15-1160","D11-1148","1","0.637281"
"N19-1144","N12-1084","0","0.430083"
"N19-1144","W18-3901","1","0.892109"
"N19-1144","S19-2010","1","0.442727"
"N19-1144","D14-1181","0","0.011836"
"N19-1144","W18-4401","1","0.535969"
"N19-1144","malmasi-zampieri-2017-detecting","1","0.80182"
"N19-1144","W17-3008","0","0.10368"
"N19-1144","W17-3012","0","0.142505"
"N19-1144","Q17-1010","0",\N
"P17-1134","P15-2082","0","0.030673"
"P17-1134","N10-1083","0","0.0984604"
"P17-1134","W12-2504","0","0.33007"
"P17-1134","W13-1406","0","0.0505659"
"P17-1134","C14-1185","0","0.247824"
"P17-1134","N13-1019","1","0.877831"
"P17-1134","N09-1040","0","0.176558"
"P17-1134","D08-1035","0","0.195164"
"P17-1134","W13-1729","0","0.0166827"
"P17-1134","P94-1002","0","0.847302"
"P17-1134","J97-1003","0","0.895698"
"P17-1134","D14-1142","0","0.143057"
"P17-1134","P10-2028","0","0.0212724"
"P17-1134","P06-1004","0","0.539462"
"P17-1134","W15-0606","1","0.938516"
"P17-1134","D14-1144","1","0.910428"
"P17-1134","J91-1002","0","0.270624"
"P17-1134","J02-1002","0","0.450824"
"P17-1134","N13-1009","0","0.041223"
"P17-1134","W13-1706","0","0.105765"
"P17-1134","C12-1158","0","0.107886"
"P17-1134","D12-1064","1","0.884455"
"P17-2063","hughes-etal-2006-reconsidering","0","0.211293"
"P17-2063","W15-5407","1","0.871205"
"P17-2063","W16-4801","1","0.852423"
"P17-2063","D14-1069","0","0.0621414"
"R15-1053","brooke-hirst-2012-measuring","0","0.0527535"
"R15-1053","guthrie-etal-2006-closer","0","0.0312481"
"R15-1053","W13-1716","1","0.846813"
"R15-1053","W15-0620","1","0.899129"
"R15-1053","W15-0606","1","0.871575"
"R15-1053","E14-4033","0","0.0367768"
"R15-1053","W14-3625","1","0.846376"
"R15-1053","E14-4019","1","0.864397"
"R15-1053","tenfjord-etal-2006-ask","0","0.59785"
"R15-1053","U14-1020","1","0.77517"
"R15-1053","W15-5407","1","0.869865"
"R15-1053","C12-1158","0","0.0771052"
"R15-1053","N15-1160","1","0.663033"
"R15-1053","W13-1706","0","0.273777"
"R15-1053","N03-1033","0","0.0671314"
"R15-1053","W15-0614","1","0.875239"
"R15-1053","D11-1148","1","0.802039"
"R15-1053","D12-1064","1","0.874612"
"R15-1053","D14-1144","1",\N
"S16-1153","E14-4019","1","0.903466"
"S16-1153","W15-5407","1","0.733845"
"S16-1153","P13-3015","0","0.178415"
"S16-1153","S12-1046","0","0.124254"
"S16-1153","W13-1706","0","0.0291774"
"S16-1153","W15-4415","0","0.0299871"
"S16-1153","W15-5401","1","0.898649"
"S16-1154","E14-4019","1","0.88592"
"S16-1154","P13-3015","0","0.106496"
"S19-2010","S19-2121","0","0.0487207"
"S19-2010","S19-2100","0","0.0543071"
"S19-2010","S19-2120","0","0.040833"
"S19-2010","S19-2110","0","0.0445018"
"S19-2010","S19-2129","0","0.043829"
"S19-2010","S19-2144","0","0.044782"
"S19-2010","W18-4411","0","0.0794205"
"S19-2010","W18-4416","0","0.0526243"
"S19-2010","S19-2111","0","0.0516978"
"S19-2010","S19-2131","0","0.076679"
"S19-2010","S19-2107","0","0.0613142"
"S19-2010","P11-2008","0","0.060614"
"S19-2010","S19-2098","1","0.882958"
"S19-2010","W15-4322","0","0.0652014"
"S19-2010","W18-4401","1","0.628306"
"S19-2010","S19-2139","0","0.0394818"
"S19-2010","S19-2011","0","0.137461"
"S19-2010","S19-2115","0","0.0421739"
"S19-2010","W18-4423","0","0.178724"
"S19-2010","S19-2116","0","0.0624146"
"S19-2010","malmasi-zampieri-2017-detecting","1","0.577817"
"S19-2010","S19-2109","0","0.0646835"
"S19-2010","S19-2134","0","0.0461997"
"S19-2010","P14-5010","0","0.00482749"
"S19-2010","S19-2105","0","0.0325559"
"S19-2010","D14-1162","0","0.0847332"
"S19-2010","S19-2127","0","0.0671146"
"S19-2010","S19-2103","0","0.0392423"
"S19-2010","N18-1202","0","0.0384382"
"S19-2010","S19-2118","0","0.0364634"
"S19-2010","S19-2104","0","0.0457917"
"S19-2010","S19-2123","0","0.1488"
"S19-2010","S19-2136","0","0.0650507"
"S19-2010","S19-2112","0","0.0343921"
"S19-2010","S19-2141","0","0.0614093"
"S19-2010","S19-2140","0","0.0351825"
"S19-2010","S19-2119","0","0.0413788"
"S19-2010","S19-2113","0","0.0437079"
"S19-2010","S19-2066","0","0.0526442"
"S19-2010","S19-2102","0","0.0607101"
"S19-2010","S19-2125","0","0.0321167"
"S19-2010","S19-2106","0","0.0611208"
"S19-2010","S19-2132","0","0.0476906"
"S19-2010","S19-2108","0","0.131809"
"S19-2010","W17-3012","0","0.152463"
"S19-2010","S19-2126","0","0.0759606"
"S19-2010","S19-2137","0","0.0528763"
"S19-2010","S19-2135","0","0.0463278"
"S19-2010","S19-2128","0","0.0505463"
"S19-2010","S19-2097","0","0.0448575"
"S19-2010","N12-1084","0","0.417325"
"S19-2010","S19-2124","0","0.0512483"
"S19-2010","S19-2101","0","0.0376161"
"S19-2010","N19-1144","1","0.39554"
"S19-2010","S19-2130","0","0.0564906"
"S19-2010","S19-2142","0","0.0349466"
"S19-2010","S19-2117","0","0.0415284"
"S19-2010","S19-2138","0","0.094085"
"S19-2010","S19-2143","0","0.05351"
"S19-2093","S19-2007","0","0.0280948"
"S19-2093","W18-6224","1","0.837176"
"S19-2093","W17-1101","0","0.0327898"
"S19-2093","W17-3012","0","0.0138337"
"S19-2093","N19-1144","1","0.884481"
"S19-2093","W17-3013","0","0.0670864"
"S19-2093","S19-2010","1","0.83211"
"S19-2093","W18-4401","1","0.891356"
"S19-2093","D15-1176","0","0.0398909"
"S19-2093","malmasi-zampieri-2017-detecting","1",\N
"U14-1020","C12-1025","0","0.0932506"
"U14-1020","W14-3625","1","0.431244"
"U14-1020","E14-4019","1","0.894263"
"U14-1020","W14-3708","1","0.792786"
"U14-1020","W13-1716","1","0.704144"
"U14-1020","E14-4033","0","0.126596"
"U14-1020","C12-1158","0","0.0549664"
"U14-1020","W13-1706","0","0.554553"
"U14-1020","D14-1144","1",\N
"U14-1021","D11-1120","0","0.0331707"
"U14-1021","W10-1737","0","0.0302594"
"U14-1021","W11-1902","0","0.0142529"
"U15-1008","J92-4003","0","0.622882"
"U15-1008","U15-1006","1","0.883866"
"U15-1008","U11-1012","0","0.323456"
"U15-1008","P09-1056","0","0.0605632"
"U15-1008","E09-1070","0","0.0400976"
"U15-1008","N13-1039","0","0.0619871"
"U15-1008","P08-1068","0","0.0446688"
"U15-1008","P11-1015","0","0.0399372"
"U15-1008","E14-4019","1","0.770194"
"U15-1008","P10-1040","0","0.580479"
"U15-1008","N15-1160","1","0.860043"
"U15-1008","D12-1053","0","0.0547617"
"U15-1008","W15-0620","1","0.785459"
"U15-1008","N04-1043","0","0.321998"
"U15-1008","W01-0521","0",\N
"U15-1018","N01-1014","0","0.13991"
"U15-1018","E14-4019","1","0.891074"
"U15-1018","N15-1160","1","0.857019"
"U15-1018","W13-1718","0","0.0675242"
"U15-1018","U14-1003","0","0.0368465"
"U18-1012","W16-0314","1","0.929087"
"U18-1012","U18-1011","0","0.0202833"
"U18-1012","sulea-etal-2017-predicting","1","0.874672"
"U18-1012","W04-1006","0","0.0432954"
"U18-1012","W13-1728","1","0.82671"
"U18-1012","W18-3901","1","0.894099"
"U18-1012","W18-3929","0","0.127619"
"U18-1012","S16-1154","1","0.901714"
"U18-1012","W17-1220","1","0.848826"
"W13-1716","P06-4020","0","0.0157839"
"W13-1716","C12-1025","0","0.317902"
"W13-1716","C12-1027","0","0.0298664"
"W13-1716","P07-2009","0","0.0171866"
"W13-1716","de-marneffe-etal-2006-generating","0","0.00600023"
"W13-1716","E03-1068","0","0.0975297"
"W13-1716","guthrie-etal-2006-closer","0","0.113095"
"W13-1716","P10-1117","0","0.022804"
"W13-1716","P03-1054","0","0.00307486"
"W13-1716","P09-2012","0","0.0101138"
"W13-1716","P12-2038","0","0.0508456"
"W13-1716","C12-1158","0","0.354586"
"W13-1716","N03-1033","0","0.0244956"
"W13-1716","W07-0602","0","0.0518239"
"W13-1716","D11-1148","1","0.789005"
"W13-1716","D12-1064","1","0.459335"
"W14-3625","abuhakema-etal-2008-annotating","0","0.100196"
"W14-3625","W13-1716","1","0.412699"
"W14-3625","E14-4033","0","0.083742"
"W14-3625","C12-1158","0","0.182398"
"W14-3625","W13-1706","0","0.0776445"
"W14-3625","E14-4019","1","0.799275"
"W14-3625","W14-3708","1","0.904561"
"W14-3625","U09-1008","1","0.825041"
"W14-3625","D14-1144","1",\N
"W14-3625","zaghouani-etal-2014-large","0",\N
"W14-3708","P06-4020","0","0.00970702"
"W14-3708","E14-4033","0","0.371275"
"W14-3708","W13-1706","0","0.581249"
"W14-3708","D11-1148","1","0.83211"
"W14-3708","D12-1064","1","0.839857"
"W14-3708","W14-3625","1","0.847854"
"W14-3708","P11-1019","0","0.0125675"
"W14-3708","E14-4019","1","0.812532"
"W14-3708","W12-0206","0","0.0613498"
"W14-3708","D14-1144","1","0.814348"
"W14-3708","W13-1716","1","0.779168"
"W14-3708","P12-2038","0","0.0156654"
"W14-3708","N13-1009","0","0.155119"
"W15-0606","C12-1025","0","0.535925"
"W15-0606","C14-1185","0","0.431649"
"W15-0606","de-melo-2014-etymological","0","0.0331883"
"W15-0606","guthrie-etal-2006-closer","0","0.0332885"
"W15-0606","W13-1713","0","0.0655331"
"W15-0606","W13-1730","0","0.123388"
"W15-0606","D14-1142","1","0.760542"
"W15-0606","W13-1714","0","0.429447"
"W15-0606","J98-4004","0","0.0134303"
"W15-0606","E14-4019","1","0.929774"
"W15-0606","D14-1144","1","0.906635"
"W15-0606","N15-1160","1","0.333488"
"W15-0606","W13-1716","1","0.897502"
"W15-0606","W15-0620","1","0.830362"
"W15-0606","P14-2138","0","0.0110556"
"W15-0606","P12-2038","0","0.0320334"
"W15-0606","C12-1158","1","0.847225"
"W15-0606","W13-1706","1","0.652589"
"W15-0606","W07-0602","0","0.417303"
"W15-0606","D11-1148","0","0.441435"
"W15-0606","D12-1064","0","0.159994"
"W15-0614","abuhakema-etal-2008-annotating","0","0.0317443"
"W15-0614","C14-1028","0","0.0144669"
"W15-0614","P11-1092","0","0.0264282"
"W15-0614","W11-2838","0","0.0262619"
"W15-0614","W12-2006","0","0.0141907"
"W15-0614","han-etal-2010-using","0","0.0281111"
"W15-0614","W05-0203","0","0.0345303"
"W15-0614","W14-3625","1","0.811569"
"W15-0614","U14-1020","1","0.838274"
"W15-0614","D14-1144","1","0.871934"
"W15-0614","N15-1160","1","0.864143"
"W15-0614","P13-2043","0","0.0464311"
"W15-0614","E14-4033","0","0.196672"
"W15-0614","W13-1706","0","0.112908"
"W15-0614","P11-1019","0","0.076779"
"W15-0620","C14-1185","0","0.408647"
"W15-0620","W13-1726","0","0.0970702"
"W15-0620","P05-1022","0","0.225282"
"W15-0620","W13-1727","0","0.253176"
"W15-0620","W13-1712","0","0.0938667"
"W15-0620","D14-1142","0","0.246652"
"W15-0620","W13-1714","0","0.336048"
"W15-0620","W15-0606","1","0.830691"
"W15-0620","D14-1144","1","0.807671"
"W15-0620","W13-1716","1","0.797299"
"W15-0620","D08-1027","0","0.0773695"
"W15-0620","C12-1158","1","0.820422"
"W15-0620","W13-1706","1","0.864163"
"W15-5407","W15-0606","1","0.885187"
"W15-5407","N15-1160","1","0.920145"
"W15-5407","Y08-1042","0","0.370058"
"W15-5407","W13-1716","1","0.836051"
"W15-5407","W15-0620","1","0.928553"
"W15-5407","C12-1160","0","0.121099"
"W15-5407","W15-5401","0","0.0774697"
"W16-0314","W14-3207","0","0.0144592"
"W16-0314","W13-1728","1","0.766386"
"W16-0314","guthrie-etal-2006-closer","0","0.0183918"
"W16-0314","E14-4019","1","0.894839"
"W16-0314","W15-5407","1","0.746304"
"W16-0314","U15-1008","1","0.837443"
"W16-0314","S16-1154","1","0.836465"
"W16-0314","W15-1202","0","0.0122244"
"W16-0314","N13-1039","0","0.0716559"
"W16-0314","W15-1214","0","0.0518374"
"W16-0314","W14-3214","0","0.158613"
"W16-0314","W14-3211","0","0.0226416"
"W16-0314","W14-3201","0","0.146759"
"W16-0314","W15-4415","0","0.0452785"
"W16-4801","W16-4821","0","0.0339271"
"W16-4801","W16-4826","0","0.0502832"
"W16-4801","W16-4827","0","0.11257"
"W16-4801","W16-4819","0","0.0808398"
"W16-4801","W16-4816","0","0.0637155"
"W16-4801","W15-5410","0","0.238809"
"W16-4801","W16-4802","0","0.114498"
"W16-4801","W16-4831","0","0.0913939"
"W16-4801","W16-4830","0","0.0438028"
"W16-4801","D14-1154","0","0.0630846"
"W16-4801","W16-4828","0","0.0387334"
"W16-4801","W15-5409","0","0.149587"
"W16-4801","W16-4829","0","0.0511602"
"W16-4801","W15-5403","0","0.27462"
"W16-4801","W16-4822","0","0.0759257"
"W16-4801","W15-5413","0","0.562658"
"W16-4801","W16-4823","0","0.0418563"
"W16-4801","W14-5316","0","0.385305"
"W16-4801","L16-1284","1","0.849869"
"W16-4801","W16-4824","0","0.0430542"
"W16-4801","W16-4817","0","0.0342647"
"W16-4801","W16-4815","0","0.0384942"
"W16-4801","Y08-1042","0","0.0574334"
"W16-4801","W16-4818","0","0.128184"
"W16-4801","J16-3005","0","0.112984"
"W16-4801","W15-5408","0","0.217783"
"W16-4801","W16-4820","0","0.38437"
"W16-4801","W14-5317","0","0.0630949"
"W16-4801","U13-1003","0","0.256503"
"W16-4801","W14-5315","0","0.0614151"
"W16-4801","W15-5407","1","0.493189"
"W16-4801","W16-4814","1","0.85912"
"W16-4801","W16-4825","0","0.0362109"
"W16-4801","W14-5314","0","0.0924571"
"W16-4801","W15-3205","0","0.0361398"
"W16-4801","W14-5313","0","0.115089"
"W16-4801","P11-1122","0","0.0270219"
"W16-4801","W14-5307","1","0.744553"
"W16-4801","W15-5411","1","0.882098"
"W16-4812","P14-3013","0","0.0144338"
"W16-4812","W12-2108","0","0.032024"
"W16-4812","brooke-hirst-2012-measuring","0","0.0309209"
"W16-4812","P13-2054","0","0.454407"
"W16-4812","feldman-etal-2006-cross","0","0.0409741"
"W16-4812","Y08-1042","0","0.030482"
"W16-4812","W14-3625","1","0.844987"
"W16-4812","E14-4019","1","0.84407"
"W16-4812","D14-1144","1","0.847377"
"W16-4812","N15-1160","1","0.907231"
"W16-4812","W13-1716","1","0.838522"
"W16-4812","C12-1160","0","0.0647496"
"W16-4812","W14-5307","0","0.0449425"
"W16-4812","W15-5401","0","0.0262995"
"W16-4814","al-sabbagh-girju-2012-yadac","0","0.193839"
"W16-4814","bouamor-etal-2014-multidialectal","0","0.0955956"
"W16-4814","E06-1047","0","0.0283987"
"W16-4814","L16-1522","0","0.0911986"
"W16-4814","cotterell-callison-burch-2014-multi","0","0.297758"
"W16-4814","D14-1154","0","0.433541"
"W16-4814","P13-2081","0","0.265769"
"W16-4814","W14-5316","0","0.222489"
"W16-4814","L16-1284","1","0.858644"
"W16-4814","U13-1003","0","0.342387"
"W16-4814","W15-5407","1","0.70075"
"W16-4814","W16-4801","1","0.864908"
"W16-4814","W14-5904","0","0.151233"
"W16-4814","W15-3205","0","0.138174"
"W16-4814","W14-5313","0","0.134582"
"W16-4814","P11-2007","0","0.232637"
"W16-4814","W14-5307","1","0.890445"
"W16-4814","N12-1006","0","0.0257736"
"W17-1201","W16-4802","0","0.127115"
"W17-1201","W17-1221","0","0.532877"
"W17-1201","W17-1215","0","0.0474398"
"W17-1201","W17-1213","0","0.0702486"
"W17-1201","W13-1728","1","0.0339111"
"W17-1201","W17-1217","0","0.0300428"
"W17-1201","W15-5413","0","0.101469"
"W17-1201","W13-1712","0","0.199423"
"W17-1201","W14-5316","0","0.160565"
"W17-1201","U13-1003","0","0.160089"
"W17-1201","L16-1284","1","0.900242"
"W17-1201","W16-3928","0","0.0176574"
"W17-1201","W15-5407","1","0.88226"
"W17-1201","W17-1222","1","0.800029"
"W17-1201","W17-1211","0","0.333885"
"W17-1201","W17-1220","1","0.878577"
"W17-1201","W16-4801","1","0.679876"
"W17-1201","W17-1225","0","0.428199"
"W17-1201","W13-1714","0","0.148384"
"W17-1201","W17-1219","0","0.132166"
"W17-1201","W15-5408","0","0.243101"
"W17-1201","W16-4820","0","0.425079"
"W17-1201","W17-1212","0","0.183999"
"W17-1201","W17-1226","0","0.0868204"
"W17-1201","L16-1641","1","0.367123"
"W17-1201","N15-1010","0","0.0146702"
"W17-1201","W15-3040","0","0.0163982"
"W17-1201","D10-1112","1","0.910362"
"W17-1201","W14-5307","1","0.307051"
"W17-1201","W15-5411","1","0.900323"
"W17-1201","L16-1680","0","0.0188911"
"W17-1201","N12-1052","0","0.0102303"
"W17-1201","W14-1614","1","0.904663"
"W17-1201","tiedemann-2012-parallel","1","0.0255189"
"W17-1201","C14-1175","1","0.927054"
"W17-1201","W15-2137","1","0.514813"
"W17-1201","W17-1216","1","0.921592"
"W17-1220","L16-1522","0","0.0672129"
"W17-1220","L16-1641","0","0.266934"
"W17-1220","W14-5310","0","0.131388"
"W17-1220","D10-1112","0","0.109538"
"W17-1220","W15-4415","0","0.0480206"
"W17-1220","U13-1003","0","0.157345"
"W17-1220","W14-5307","1","0.899768"
"W17-1220","W15-5407","1","0.768111"
"W17-1220","W16-4814","1","0.849057"
"W17-1220","W16-0314","1","0.945278"
"W17-1220","W16-4801","1","0.834739"
"W17-1222","al-sabbagh-girju-2012-yadac","0","0.0987336"
"W17-1222","W09-0807","0","0.161607"
"W17-1222","E06-1047","0","0.0769645"
"W17-1222","cotterell-callison-burch-2014-multi","0","0.0718728"
"W17-1222","W15-3205","0","0.0141688"
"W17-1222","W14-5316","0","0.0484881"
"W17-1222","L16-1284","1","0.901992"
"W17-1222","W14-5313","0","0.115926"
"W17-1222","W15-4415","0","0.112675"
"W17-1222","W14-5307","1","0.910842"
"W17-1222","E14-4019","1","0.882308"
"W17-1222","W15-5407","1","0.899557"
"W17-1222","W16-4814","1","0.537212"
"W17-1222","N12-1006","0","0.0388755"
"W17-1222","W16-0314","1","0.87207"
"W17-1222","W16-4801","1","0.877372"
"W17-1222","W14-5904","0","0.0644087"
"W17-5007","C14-1185","0","0.251184"
"W17-5007","W17-5023","0","0.0297696"
"W17-5007","W17-5049","0","0.19025"
"W17-5007","W17-5041","0","0.0444426"
"W17-5007","W17-5024","0","0.0496381"
"W17-5007","W17-5025","0","0.0281986"
"W17-5007","D14-1142","1","0.743654"
"W17-5007","W17-5021","0","0.0649744"
"W17-5007","W13-1714","0","0.641856"
"W17-5007","P17-1134","1","0.867612"
"W17-5007","W15-0620","1","0.926713"
"W17-5007","W17-5048","0","0.0366318"
"W17-5007","W16-4801","1","0.85993"
"W17-5007","W17-5043","0","0.116863"
"W17-5007","W17-5042","0","0.105"
"W17-5007","W17-5044","0","0.0282337"
"W17-5007","W17-5022","0","0.0430648"
"W17-5007","W15-0606","1","0.926679"
"W17-5007","W17-5047","0","0.0363074"
"W17-5007","D14-1144","1","0.925479"
"W17-5007","N01-1031","0","0.692118"
"W17-5007","W17-5028","0","0.0402701"
"W17-5007","W07-0602","0","0.514904"
"W17-5007","W17-5026","0","0.110995"
"W17-5007","P11-1093","0","0.0862778"
"W17-5007","U09-1008","0","0.367747"
"W17-5007","W17-5027","0","0.03595"
"W17-5007","W17-5045","0","0.0520433"
"W17-5007","W17-1201","1","0.784529"
"W17-5007","W17-5046","0","0.0229943"
"W17-5007","W13-1706","1","0.61284"
"W17-5007","C12-1158","1","0.924147"
"W17-5910","S16-1150","0","0.136082"
"W17-5910","S16-1161","0","0.157498"
"W17-5910","L16-1284","1","0.850305"
"W17-5910","S16-1164","0","0.117013"
"W17-5910","S16-1157","0","0.169796"
"W17-5910","P13-3015","0","0.19796"
"W17-5910","S16-1162","0","0.0588997"
"W17-5910","S16-1146","0","0.0839136"
"W17-5910","yimam-etal-2017-multilingual","0","0.0467335"
"W17-5910","W15-0620","1","0.877257"
"W17-5910","S16-1155","1","0.693934"
"W17-5910","S16-1152","0","0.123637"
"W17-5910","C16-1069","1","0.841348"
"W18-0507","W14-1206","0","0.0720755"
"W18-0507","W18-0519","0","0.153197"
"W18-0507","S16-1156","0","0.0850516"
"W18-0507","S16-1151","0","0.0753176"
"W18-0507","W18-0539","1","0.893727"
"W18-0507","W18-0538","0","0.100445"
"W18-0507","S16-1148","0","0.0982594"
"W18-0507","W18-0518","0","0.065579"
"W18-0507","W18-0520","0","0.193647"
"W18-0507","S16-1160","0","0.102164"
"W18-0507","W18-0540","0","0.0627627"
"W18-0507","W18-0521","0","0.24579"
"W18-0507","S16-1164","0","0.0425763"
"W18-0507","S16-1149","1","0.538636"
"W18-0507","S16-1162","0","0.138871"
"W18-0507","S16-1158","0","0.0719992"
"W18-0507","S16-1163","0","0.176167"
"W18-0507","D14-1162","0","0.0887949"
"W18-0507","S16-1154","1","0.847385"
"W18-0507","W18-0541","0","0.102296"
"W18-0507","S16-1153","1","0.879975"
"W18-0507","S16-1161","0","0.200613"
"W18-0507","S16-1147","0","0.032877"
"W18-0507","S16-1157","0","0.212408"
"W18-0507","I11-1017","0","0.0188214"
"W18-0507","P13-3015","0","0.247331"
"W18-0507","S16-1152","0","0.262443"
"W18-0507","S16-1159","0","0.0576998"
"W18-0507","L16-1035","1","0.906663"
"W18-0507","W18-0522","0","0.230666"
"W18-0507","S16-1146","0","0.112937"
"W18-0507","I17-2068","1","0.54282"
"W18-0507","yimam-etal-2017-multilingual","1","0.591517"
"W18-0507","W17-5910","1","0.857961"
"W18-0507","S16-1155","1","0.729801"
"W18-0507","S16-1150","0",\N
"W18-0534","W17-5007","1","0.740618"
"W18-0534","boyd-etal-2014-merlin","0","0.0457443"
"W18-0534","padro-stanilovsky-2012-freeling","0","0.245629"
"W18-0534","E14-3013","0","0.0214445"
"W18-0534","W16-6502","0","0.0608381"
"W18-0534","W14-3625","1","0.839027"
"W18-0534","W13-1706","0","0.0208356"
"W18-0534","E14-4019","1","0.846479"
"W18-0534","W15-0614","1","0.832559"
"W18-3901","W18-3913","0","0.217545"
"W18-3901","W18-3919","0","0.254393"
"W18-3901","W18-3932","0","0.129693"
"W18-3901","W17-1223","0","0.131933"
"W18-3901","W18-3918","0","0.0590619"
"W18-3901","W18-3925","0","0.142653"
"W18-3901","W17-1214","0","0.138486"
"W18-3901","W18-3909","0","0.15091"
"W18-3901","W18-3933","1","0.889149"
"W18-3901","W18-3920","1","0.880795"
"W18-3901","W18-3926","0","0.0553879"
"W18-3901","W18-3921","0","0.054375"
"W18-3901","W17-1225","0","0.134424"
"W18-3901","W16-4818","0","0.048944"
"W18-3901","W18-3915","0","0.0733204"
"W18-3901","W18-3929","0","0.411409"
"W18-3901","W18-3907","0","0.178349"
"W18-3901","W18-3922","0","0.0589219"
"W18-3901","W18-3928","0","0.0556119"
"W18-3901","kumar-2012-challenges","1","0.824307"
"W18-3901","kumar-2014-developing","1","0.832345"
"W18-3901","W14-0405","1","0.912975"
"W18-3901","W18-3917","1","0.897664"
"W18-3901","L16-1242","1","0.902855"
"W18-3901","L16-1676","1","0.914666"
"W18-3901","W16-4814","1","0.86288"
"W18-3901","W17-1222","1","0.833986"
"W18-3901","W17-1220","1","0.80558"
"W18-3901","W16-4801","1","0.733081"
"W18-3901","W18-3927","0","0.0554913"
"W18-3901","W18-3914","0","0.175754"
"W18-3901","W18-3924","0","0.0833746"
"W18-3901","L16-1641","1","0.509642"
"W18-3901","W17-1224","1","0.744067"
"W18-3901","W18-3923","1","0.879634"
"W18-3901","W14-5307","1","0.857122"
"W18-3901","W15-5401","1","0.855743"
"W18-3901","W17-1201","1","0.607978"
"W18-3920","W16-4819","0","0.0223457"
"W18-3920","W15-5410","0","0.0278754"
"W18-3920","D14-1069","0","0.0726343"
"W18-3920","W17-1213","0","0.0135081"
"W18-3920","L16-1284","1","0.827322"
"W18-3920","W15-5408","0","0.088526"
"W18-3920","W16-4820","0","0.0514295"
"W18-3920","W15-5407","1","0.925336"
"W18-3920","W16-4801","1","0.936687"
"W18-3920","W14-5314","0","0.0166142"
"W18-3920","W14-5318","0","0.017647"
"W18-3920","C12-1160","0","0.0763191"
"W18-3920","W15-4415","0","0.0311268"
"W18-3920","W14-5307","1","0.895397"
"W18-3920","W15-5401","1","0.921353"
"W18-3920","W17-5045","1","0.84077"
"W18-3920","W18-3901","1","0.883574"
"W18-3933","W17-1223","0","0.191393"
"W18-3933","W17-1214","0","0.0935605"
"W18-3933","W17-1221","0","0.355937"
"W18-3933","W17-1213","0","0.0231086"
"W18-3933","W17-1211","0","0.0363003"
"W18-3933","W17-1225","0","0.061586"
"W18-3933","U13-1003","0","0.0738265"
"W18-3933","W15-5407","1","0.849532"
"W18-3933","W17-1222","1","0.894163"
"W18-3933","W17-1220","1","0.817949"
"W18-3933","W16-4801","1","0.893288"
"W18-3933","L16-1641","0","0.215341"
"W18-3933","D10-1112","0","0.0217023"
"W18-3933","W14-5313","0","0.0606865"
"W18-3933","W15-4415","0","0.0268304"
"W18-3933","W14-5307","0","0.102897"
"W18-3933","W15-5401","0","0.246759"
"W18-3933","W17-1201","1","0.902646"
"W18-3933","W18-3901","1","0.890697"
"W18-3933","L16-1522","1",\N
"W18-3933","W17-1218","0",\N
"W18-4401","W18-4411","0","0.269919"
"W18-4401","W18-4417","0","0.0963664"
"W18-4401","W18-4416","0","0.18561"
"W18-4401","W18-4409","0","0.0701163"
"W18-4401","R15-1086","0","0.178547"
"W18-4401","W18-4407","1","0.878228"
"W18-4401","L18-1226","1","0.762344"
"W18-4401","W18-4415","0","0.0689419"
"W18-4401","W18-4410","0","0.0536961"
"W18-4401","malmasi-zampieri-2017-detecting","1","0.349626"
"W18-4401","K15-1032","0","0.0438624"
"W18-4401","W18-4423","0","0.110195"
"W18-4401","W18-4406","0","0.0471652"
"W18-4401","I13-1066","0","0.2398"
"W18-4401","W18-4419","0","0.0576791"
"W18-4401","W18-4414","0","0.0438083"
"W18-4401","W18-4404","0","0.205006"
"W18-4401","W18-4403","0","0.0269422"
"W18-4401","W18-4418","0","0.101033"
"W18-4401","W18-4408","0","0.071919"
"W18-4401","W18-4402","0","0.0564524"
"W18-4401","W17-1101","0","0.284481"
"W18-4401","W18-4421","0","0.0392755"
"W18-4401","N16-2013","0","0.160048"
"W18-4401","W17-3012","0","0.433423"
"W19-1401","W19-1402","0","0.268136"
"W19-1401","P19-1068","1","0.913629"
"W19-1401","W18-3929","1","0.894916"
"W19-1401","W19-1413","1","0.836296"
"W19-1401","W19-1416","0","0.056458"
"W19-1401","W18-3907","1","0.895659"
"W19-1401","Y96-1018","1","0.197287"
"W19-1401","W19-1419","1","0.847943"
"W19-1401","W19-1414","0","0.0601978"
"W19-1401","W16-4801","1","0.6692"
"W19-1401","W19-1420","0","0.0913091"
"W19-1401","W19-1415","0","0.0347692"
"W19-1401","L18-1550","0","0.0287077"
"W19-1401","W18-4802","0","0.0115539"
"W19-1401","W19-1417","0","0.0619352"
"W19-1401","E17-2034","0","0.0280356"
"W19-1401","D18-1135","1","0.824726"
"W19-1401","W19-1409","1","0.877823"
"W19-1401","W19-1418","0","0.0615736"
"W19-1401","N16-1174","0","0.0228023"
"W19-1401","W19-1423","1","0.825557"
"W19-1401","W17-1201","1","0.803354"
"W19-1401","L16-1641","1","0.880892"
"W19-1401","W14-5307","1","0.821127"
"W19-1401","W18-0209","1","0.707638"
"W19-1401","W19-0301","1","0.916428"
"W19-1401","E14-2006","0","0.0437089"
"W19-1401","W19-1422","0","0.0730531"
"W19-1401","W19-1412","0","0.0741523"
"W19-5301","W19-5424","1","0.858444"
"W19-5301","W19-5306","0","0.248769"
"W19-5301","D18-1549","0","0.116951"
"W19-5301","D18-1332","0","0.0215805"
"W19-5301","W19-5351","0","0.0505622"
"W19-5301","W19-5423","0","0.0419015"
"W19-5301","W18-6412","1","0.856623"
"W19-5301","W19-5305","0","0.0496912"
"W19-5301","W12-3102","1","0.474924"
"W19-5301","W19-5310","0","0.0432396"
"W19-5301","W19-5425","0","0.0236032"
"W19-5301","W07-0718","1","0.530103"
"W19-5301","P16-2058","1","0.819865"
"W19-5301","W08-0309","1","0.659809"
"W19-5301","W18-3931","1","0.820211"
"W19-5301","W19-5312","0","0.0773587"
"W19-5301","W19-5313","0","0.0931699"
"W19-5301","W19-5314","0","0.0200465"
"W19-5301","D18-1045","0","0.0285693"
"W19-5301","W18-6410","0","0.0193718"
"W19-5301","W19-5317","0","0.114089"
"W19-5301","W19-5315","0","0.0266353"
"W19-5301","W19-5318","0","0.198338"
"W19-5301","W19-5316","0","0.109691"
"W19-5301","E14-1047","1","0.904335"
"W19-5301","W19-5427","0","0.0467733"
"W19-5301","W19-5322","1","0.807321"
"W19-5301","W19-5302","1","0.715203"
"W19-5301","W19-5333","0","0.0923169"
"W19-5301","W19-5353","0","0.0658382"
"W19-5301","W19-5430","1","0.873847"
"W19-5301","W19-5431","0","0.0199622"
"W19-5301","P02-1040","0","0.11337"
"W19-5301","W19-5354","0","0.0611791"
"W19-5301","W18-6486","0","0.0189853"
"W19-5301","W19-5335","0","0.0408704"
"W19-5301","W19-5344","1","0.904781"
"W19-5301","W19-5346","0","0.197908"
"W19-5301","W19-5341","0","0.0172601"
"W19-5301","P16-1162","1","0.310296"
"W19-5301","W19-5339","0","0.0767002"
"W19-5301","W19-5347","0","0.0328257"
"W19-5301","W19-5342","1","0.887858"
"W19-5301","W19-5355","1","0.869964"
"W19-5301","W19-5350","0","0.0441915"
"W19-5301","P98-2238","0","0.38957"
