"2007.mtsummit-ucnlg.4","W07-2305","1","0.849364"
"2007.mtsummit-ucnlg.4","P02-1041","0","0.0830803"
"2007.mtsummit-ucnlg.4","E03-1036","0","0.039752"
"2007.mtsummit-ucnlg.4","P96-1027","0","0.120042"
"2007.mtsummit-ucnlg.4","W02-2103","0","0.825496"
"2007.mtsummit-ucnlg.4","C00-1007","0","0.740819"
"2007.mtsummit-ucnlg.4","A00-2023","0","0.349423"
"2007.mtsummit-ucnlg.4","P06-4014","0","0.0221717"
"2007.mtsummit-ucnlg.4","W05-1510","0","0.754076"
"2007.mtsummit-ucnlg.4","W07-0702","0","0.0544999"
"2007.mtsummit-ucnlg.4","P06-1140","1","0.835565"
"2007.mtsummit-ucnlg.4","P06-1130","0","0.668479"
"2007.mtsummit-ucnlg.4","J05-1004","0","0.033795"
"2007.mtsummit-ucnlg.4","2001.mtsummit-papers.68","0","0.0329808"
"2007.mtsummit-ucnlg.4","E06-1032","0","0.0407652"
"2007.mtsummit-ucnlg.4","I05-1015","0","0.0296986"
"2007.mtsummit-ucnlg.4","C04-1041","0","0.0315264"
"2007.mtsummit-ucnlg.4","2005.mtsummit-papers.15","0","0.359505"
"2007.mtsummit-ucnlg.4","P06-1088","0","0.0434693"
"2007.mtsummit-ucnlg.4","W06-1403","1","0.916595"
"2012.amta-monomt.3","D08-1089","0","0.0256851"
"2012.amta-monomt.3","P07-2045","0","0.00612081"
"2012.amta-monomt.3","P03-1021","0","0.0921602"
"2012.amta-monomt.3","W06-3112","0","0.0413737"
"2012.amta-monomt.3","P02-1040","0","0.104795"
"2012.amta-monomt.3","D12-1023","1","0.880673"
"2012.amta-monomt.3","W06-1610","0","0.0536639"
"2012.amta-monomt.3","P05-1074","0","0.126216"
"2012.amta-monomt.3","N10-1084","0","0.0554229"
"2012.amta-monomt.3","P11-2031","0","0.0317065"
"2012.amta-monomt.3","W11-2107","0","0.0232454"
"2012.amta-monomt.3","W11-2139","0","0.0142614"
"2020.coling-industry.7","P19-1080","1","0.860524"
"2020.coling-industry.7","D18-1547","0","0.0397469"
"2020.coling-industry.7","2020.acl-main.18","0","0.257189"
"2020.coling-industry.7","P16-2008","0","0.382887"
"2020.coling-industry.7","W17-3518","0","0.0376347"
"2020.coling-industry.7","W19-8672","0","0.0929865"
"2020.coling-industry.7","D16-1139","0","0.0786499"
"2020.coling-industry.7","2020.tacl-1.47","0","0.0353141"
"2020.coling-industry.7","W17-5525","0","0.133303"
"2020.coling-industry.7","P02-1040","0","0.106216"
"2020.coling-industry.7","2020.findings-emnlp.17","0","0.265502"
"2020.inlg-1.37","P19-1080","1","0.877959"
"2020.inlg-1.37","P17-1017","0","0.0284122"
"2020.inlg-1.37","N19-4009","0","0.0264773"
"2020.inlg-1.37","prasad-etal-2008-penn","0","0.042004"
"2020.inlg-1.37","W19-8669","0","0.0478299"
"2020.inlg-1.37","P98-2202","0","0.597031"
"2020.inlg-1.37","L16-1273","1","0.938886"
"2020.inlg-1.37","2020.inlg-1.14","0","0.0603985"
"2020.inlg-1.37","W19-8672","0","0.0256275"
"2020.webnlg-1.12","P19-1080","1","0.899965"
"2020.webnlg-1.12","W17-4755","0","0.0188182"
"2020.webnlg-1.12","2020.webnlg-1.7","0","0.185192"
"2020.webnlg-1.12","W18-6539","0","0.0317132"
"2020.webnlg-1.12","P17-1017","0","0.220074"
"2020.webnlg-1.12","2020.inlg-1.14","0","0.275546"
"2020.webnlg-1.12","2020.tacl-1.47","0","0.0252904"
"2020.webnlg-1.12","N19-4009","0","0.0261298"
"2020.webnlg-1.12","P02-1040","0","0.10718"
"2020.webnlg-1.12","2020.acl-main.704","0","0.0251204"
"2020.webnlg-1.12","N19-1410","0","0.0228305"
"2020.webnlg-1.12","J82-2005","0","0.508637"
"2021.emnlp-main.53","2020.acl-main.703","0","0.121413"
"2021.emnlp-main.53","2020.inlg-1.19","0","0.0303898"
"2021.emnlp-main.53","P02-1040","0","0.109991"
"2021.emnlp-main.53","2020.findings-emnlp.17","0","0.0286792"
"2021.emnlp-main.53","W19-8669","0","0.0255252"
"2021.emnlp-main.53","J18-3002","0","0.0120656"
"2021.emnlp-main.53","2020.acl-main.704","0","0.0243502"
"2021.emnlp-main.53","N19-1410","0","0.0221139"
"2021.gem-1.12","2021.gem-1.12","1","0.0530913"
"2021.gem-1.12","2020.coling-industry.7","1","0.868647"
"2021.gem-1.12","P19-1080","1","0.882284"
"2021.gem-1.12","2021.eacl-main.64","0","0.432283"
"2021.gem-1.12","2020.acl-main.18","0","0.141949"
"2021.gem-1.12","E17-1060","0","0.333577"
"2021.gem-1.12","W16-3622","0","0.612772"
"2021.gem-1.12","P16-2008","0","0.294964"
"2021.gem-1.12","2020.coling-main.218","0","0.205932"
"2021.gem-1.12","2021.sigdial-1.8","1","0.244101"
"2021.gem-1.12","2020.emnlp-main.527","0","0.31832"
"2021.gem-1.12","W19-8672","0","0.244614"
"2021.gem-1.12","J82-2005","0","0.449347"
"2021.gem-1.12","2020.acl-main.703","0","0.147126"
"2021.gem-1.12","2020.webnlg-1.12","1","0.674326"
"2021.gem-1.12","P19-1256","0","0.235005"
"2021.gem-1.12","W17-5525","0","0.161262"
"2021.gem-1.12","P02-1040","0","0.110173"
"2021.gem-1.12","2020.findings-emnlp.17","0","0.171199"
"2021.gem-1.12","W19-8669","0","0.383149"
"2021.gem-1.12","W19-8611","1","0.607388"
"2021.gem-1.12","N06-2031","0","0.190847"
"2021.gem-1.12","N09-2048","0","0.784012"
"2021.gem-1.12","D15-1199","0","0.178954"
"2021.gem-1.12","2020.webnlg-1.11","0","0.489952"
"2021.inlg-1.10","2020.coling-industry.7","1","0.932335"
"2021.inlg-1.10","P16-2008","0","0.0675905"
"2021.inlg-1.10","W18-6539","0","0.0343353"
"2021.inlg-1.10","N18-1177","0","0.0275691"
"2021.inlg-1.10","P19-1256","0","0.0180847"
"2021.inlg-1.2","2020.acl-main.703","0","0.0423103"
"2021.inlg-1.2","2020.coling-industry.7","1","0.764841"
"2021.inlg-1.2","2020.findings-emnlp.17","0","0.0243765"
"2021.inlg-1.2","P11-2031","0","0.0604537"
"2021.inlg-1.2","2020.inlg-1.37","1","0.661014"
"2021.sigdial-1.8","2020.coling-main.218","0","0.14757"
"2021.sigdial-1.8","2020.coling-industry.7","1","0.92441"
"2021.sigdial-1.8","W18-5408","0","0.0138935"
"2021.sigdial-1.8","P19-1080","1","0.862442"
"2021.sigdial-1.8","2020.inlg-1.9","0","0.0406005"
"2021.sigdial-1.8","2021.eacl-main.64","0","0.247992"
"2021.sigdial-1.8","W19-8672","0","0.19347"
"2021.sigdial-1.8","2020.acl-main.18","0","0.210372"
"2021.sigdial-1.8","E17-1060","0","0.157021"
"2021.sigdial-1.8","D16-1139","0","0.0227075"
"2021.sigdial-1.8","2020.acl-main.703","0","0.342868"
"2021.sigdial-1.8","P16-2008","0","0.284006"
"2021.sigdial-1.8","2020.emnlp-main.414","1","0.723168"
"2021.sigdial-1.8","P19-1256","0","0.187873"
"2021.sigdial-1.8","W17-5525","0","0.147619"
"2021.sigdial-1.8","2020.findings-emnlp.17","0","0.111222"
"2021.sigdial-1.8","W19-8669","0","0.379589"
"2021.sigdial-1.8","W19-8611","1","0.46963"
"2021.sigdial-1.8","D15-1199","0","0.189473"
"2021.sigdial-1.8","2020.webnlg-1.11","1","0.460323"
"A97-1038","J88-3006","0","0.111328"
"A97-1038","A92-1006","0","0.0780542"
"A97-1038","W96-0416","0","0.01651"
"A97-1038","W96-0401","0",\N
"A97-1038","P83-1022","0",\N
"boxwell-white-2008-projecting","W03-2401","0",\N
"boxwell-white-2008-projecting","J93-2004","0",\N
"boxwell-white-2008-projecting","W03-1008","0",\N
"boxwell-white-2008-projecting","W06-0609","0",\N
"boxwell-white-2008-projecting","P07-1032","0",\N
"boxwell-white-2008-projecting","J05-1004","0",\N
"boxwell-white-2008-projecting","J07-3004","0",\N
"C10-2119","P02-1041","0","0.322621"
"C10-2119","C00-1007","0","0.0438751"
"C10-2119","boxwell-white-2008-projecting","1","0.716355"
"C10-2119","P06-1130","0","0.124333"
"C10-2119","J07-4004","0","0.282816"
"C10-2119","P08-1022","1","0.864296"
"C10-2119","C08-1038","0","0.512845"
"C10-2119","J07-3004","0","0.24498"
"C10-2119","J05-1004","0","0.0299353"
"C10-2119","P04-1007","0","0.0875243"
"C10-2119","2005.mtsummit-papers.15","0","0.239255"
"C10-2119","W08-1703","1","0.94788"
"C10-2119","D09-1043","1","0.688008"
"C10-2119","D07-1028","0","0.360324"
"C10-2119","W05-1510","0","0.466466"
"C12-2120","N03-1003","0","0.123777"
"C12-2120","J05-3002","0","0.163291"
"C12-2120","P11-2069","0","0.0517229"
"C12-2120","W07-1427","0","0.190904"
"C12-2120","N10-1066","0","0.130194"
"C12-2120","J08-4005","0","0.277879"
"C12-2120","P08-2007","0","0.106796"
"C12-2120","W11-2107","0","0.0847348"
"C12-2120","P05-1045","0","0.0123573"
"C12-2120","S12-1076","0","0.0479741"
"C12-2120","N06-1014","0","0.137372"
"C12-2120","P03-1020","0","0.0614787"
"C12-2120","D08-1084","0","0.715616"
"C12-2120","N12-1019","0","0.0968031"
"C12-2120","W05-1612","0","0.0727185"
"C12-2120","J03-1002","0","0.0184667"
"C12-2120","W04-3219","0","0.0603616"
"C12-2120","C08-1110","1","0.863732"
"C12-2120","P11-2044","1","0.864459"
"C12-2120","C96-2141","0","0.513584"
"C12-2120","W02-1001","0",\N
"C12-2120","N06-1006","0",\N
"C92-1040","J88-2003","0","0.0676483"
"C92-4181","P92-1016","1","0.682851"
"C92-4181","C90-2068","1","0.824336"
"C92-4181","C92-1040","1","0.866602"
"D09-1043","P02-1041","0","0.0531254"
"D09-1043","J99-2004","0","0.0278813"
"D09-1043","C00-1007","0","0.0219013"
"D09-1043","boxwell-white-2008-projecting","1","0.792453"
"D09-1043","W05-1619","0","0.169063"
"D09-1043","N09-1025","0","0.0140435"
"D09-1043","W07-1202","0","0.342963"
"D09-1043","J07-4004","0","0.74558"
"D09-1043","N09-2041","1","0.782189"
"D09-1043","P04-1015","0","0.0517337"
"D09-1043","C04-1097","0","0.0134808"
"D09-1043","W02-1001","0","0.244336"
"D09-1043","P06-1088","0","0.00923124"
"D09-1043","P04-1007","0","0.156359"
"D09-1043","P08-1022","1","0.917746"
"D09-1043","N09-2057","0","0.0651012"
"D09-1043","C08-1038","0","0.278487"
"D09-1043","2005.mtsummit-papers.15","0","0.23262"
"D09-1043","J07-3004","0","0.0401555"
"D09-1043","D07-1080","0","0.0168947"
"D09-1043","D07-1028","0","0.236789"
"D09-1043","P08-1067","0","0.196844"
"D09-1043","W08-1703","1","0.931277"
"D09-1043","W02-2103","0","0.0633862"
"D09-1043","W05-1510","0","0.0819947"
"D09-1043","2007.mtsummit-ucnlg.4","1","0.936161"
"D09-1043","J05-1004","0","0.0295549"
"D09-1043","N09-2058","0","0.0407952"
"D09-1043","P02-1040","0","0.0949097"
"D09-1043","N03-2002","0",\N
"D09-1043","P08-1024","0",\N
"D10-1055","W05-0909","0","0.108672"
"D10-1055","N03-1003","0","0.0136725"
"D10-1055","P09-2025","0","0.377314"
"D10-1055","E06-1032","0","0.134948"
"D10-1055","W07-0718","0","0.374489"
"D10-1055","C08-1013","0","0.0203422"
"D10-1055","J96-2004","0","0.0117081"
"D10-1055","W04-3250","0","0.100207"
"D10-1055","2006.amta-papers.25","0","0.0255688"
"D10-1055","W09-0441","0","0.015727"
"D10-1055","2003.mtsummit-papers.51","0","0.111174"
"D10-1055","D09-1043","1","0.889154"
"D10-1055","J09-4008","0",\N
"D10-1055","P02-1040","0",\N
"D10-1055","C04-1072","0",\N
"D10-1055","P02-1035","0",\N
"D12-1023","P02-1041","0","0.0350538"
"D12-1023","W11-2832","1","0.857923"
"D12-1023","W11-2835","0","0.125674"
"D12-1023","P09-1092","0","0.0188112"
"D12-1023","W05-1619","0","0.0655615"
"D12-1023","J07-4004","0","0.105498"
"D12-1023","P07-1041","0","0.104181"
"D12-1023","N09-2057","0","0.174975"
"D12-1023","P07-1024","0","0.176337"
"D12-1023","C08-1038","0","0.213477"
"D12-1023","J07-3004","0","0.0106462"
"D12-1023","D07-1028","0","0.0412899"
"D12-1023","W04-3250","0","0.107295"
"D12-1023","W02-2103","0","0.217739"
"D12-1023","W05-1510","0","0.0991004"
"D12-1023","P02-1040","0","0.104472"
"D12-1023","C10-2119","1","0.860831"
"D12-1023","N09-2041","1","0.842339"
"D12-1023","C04-1097","0","0.0496478"
"D12-1023","2005.mtsummit-papers.15","0","0.14135"
"D12-1023","D09-1043","1","0.906905"
"D19-6309","P19-1080","1","0.898936"
"D19-6309","D12-1085","0","0.0331118"
"D19-6309","K17-2001","0","0.0432931"
"D19-6309","N16-1077","0","0.193436"
"D19-6309","W18-3605","1","0.90915"
"D19-6309","P17-1183","0","0.0538129"
"D19-6309","D19-6301","0","0.0271783"
"D19-6309","W18-3602","0","0.0154283"
"D19-6309","W19-8611","1","0.841625"
"D19-6309","P17-1099","0","0.0326043"
"D19-6309","P15-1150","0","0.114038"
"E93-1048","J86-2003","0","0.0486726"
"E93-1048","P88-1012","0","0.0959127"
"E93-1048","P91-1008","0","0.029702"
"E93-1048","J88-2003","0","0.547822"
"E93-1048","P92-1030","0",\N
"H01-1054","H01-1065","0","0.0170363"
"H01-1054","W00-0405","0","0.0152076"
"H01-1054","J93-2004","0","0.0355149"
"H01-1054","J98-3005","0","0.690231"
"H01-1054","W98-1428","1","0.601029"
"H01-1054","A00-2018","0",\N
"J10-2001","P02-1041","0","0.189312"
"J10-2001","C00-1007","0","0.0839111"
"J10-2001","W03-2123","0","0.0691506"
"J10-2001","W05-0307","0","0.0391251"
"J10-2001","W00-1407","1","0.657912"
"J10-2001","I05-1015","0","0.0310471"
"J10-2001","P04-1009","0","0.0916248"
"J10-2001","E06-1009","1","0.947729"
"J10-2001","W04-0601","1","0.792537"
"J10-2001","P96-1027","0","0.0744473"
"J10-2001","P95-1034","0","0.0223846"
"J10-2001","E03-1057","0","0.0771914"
"J10-2001","A00-2023","0","0.0397805"
"J10-2001","W02-2103","0","0.0261241"
"J10-2001","W02-2106","0","0.0286781"
"J10-2001","P06-1140","1","0.892961"
"J10-2001","2001.mtsummit-papers.68","0","0.0187001"
"J10-2001","2006.amta-papers.25","0","0.0227143"
"J10-2001","J05-1002","0","0.0608301"
"J10-2001","W02-2110","0","0.105773"
"J10-2001","P01-1066","0","0.197174"
"J10-2001","W06-1403","1","0.804155"
"J10-2001","N03-2002","0",\N
"J10-2001","P02-1040","0",\N
"L16-1506","W11-2107","0","0.0116692"
"L16-1506","C04-1051","0","0.057361"
"L16-1506","P13-1158","0","0.0273105"
"L16-1506","W15-0611","1","0.886705"
"L16-1506","N12-1019","0","0.0157771"
"L16-1506","C12-2120","1","0.788563"
"L16-1506","Q14-1034","0","0.124828"
"L16-1506","P13-2123","0","0.060403"
"N09-2041","E06-1032","0","0.020898"
"N09-2041","P08-1022","1","0.684445"
"N09-2041","D07-1028","0","0.407949"
"N09-2041","W02-2103","0","0.104378"
"N09-2041","W05-1510","0","0.490864"
"N09-2041","P08-1039","0","0.0623104"
"N18-5011","D12-1110","0","0.0231176"
"N18-5011","W16-1718","1","0.904791"
"N18-5011","P14-1039","1","0.816896"
"N18-5011","W17-3702","1","0.8424"
"N18-5011","D12-1096","0","0.0329782"
"N18-5011","D15-1176","0","0.0151172"
"P05-3012","W02-2110","0","0.0249508"
"P05-3012","W03-2705","1","0.870867"
"P05-3012","W04-0601","1",\N
"P05-3012","N03-2002","0",\N
"P05-3012","W05-1103","1",\N
"P06-1140","P05-1018","0","0.0117915"
"P06-1140","P01-1008","0","0.0262103"
"P06-1140","P98-1116","0","0.063444"
"P06-1140","W02-2107","0","0.0198775"
"P06-1140","N03-1024","0","0.0240089"
"P06-1140","P88-1023","0","0.0488303"
"P06-1140","W04-0601","1","0.759644"
"P06-1140","W06-1403","1",\N
"P06-1140","C98-1112","0",\N
"P08-1022","P02-1041","0","0.416434"
"P08-1022","E03-1036","0","0.0229906"
"P08-1022","J99-2004","0","0.104644"
"P08-1022","C00-1007","0","0.0427231"
"P08-1022","boxwell-white-2008-projecting","1","0.554438"
"P08-1022","P06-1130","0","0.0932147"
"P08-1022","I05-1015","0","0.116235"
"P08-1022","J07-4004","0","0.0912523"
"P08-1022","W02-2203","0","0.0488663"
"P08-1022","P06-1088","0","0.0361877"
"P08-1022","J07-3004","0","0.158373"
"P08-1022","P96-1027","0","0.0833621"
"P08-1022","W02-2103","0","0.0697618"
"P08-1022","A00-2023","0","0.0119639"
"P08-1022","W07-0734","0","0.0278039"
"P08-1022","W05-1510","0","0.400042"
"P08-1022","J05-1004","0","0.0299538"
"P08-1022","P02-1040","0","0.0973707"
"P08-1022","C88-2121","0","0.42462"
"P08-1022","2005.mtsummit-papers.15","0","0.0892331"
"P08-1022","W06-1661","0","0.0211349"
"P08-1022","2007.mtsummit-ucnlg.4","1","0.800888"
"P08-1022","W06-1403","1","0.942719"
"P08-1022","N03-2002","0",\N
"P14-1039","W10-4237","0","0.050957"
"P14-1039","W11-2832","1","0.825986"
"P14-1039","boxwell-white-2008-projecting","1","0.850886"
"P14-1039","P05-1022","0","0.207435"
"P14-1039","J07-4004","0","0.224738"
"P14-1039","W02-1001","0","0.00704324"
"P14-1039","C92-2105","0","0.822745"
"P14-1039","de-marneffe-etal-2006-generating","0","0.0226992"
"P14-1039","P08-1022","1","0.908705"
"P14-1039","J05-1004","0","0.012679"
"P14-1039","P10-1035","0","0.0848125"
"P14-1039","P02-1040","0","0.0893552"
"P14-1039","P06-1055","0","0.0490557"
"P14-1039","C10-2119","1","0.850949"
"P14-1039","W11-2706","1","0.780404"
"P14-1039","P02-1043","0","0.102754"
"P14-1039","N09-2041","1","0.848576"
"P14-1039","J07-3004","0","0.0176149"
"P14-1039","C08-1055","0","0.0598682"
"P14-1039","P03-1054","0","0.021281"
"P14-1039","W04-3250","0","0.0113029"
"P14-1039","W08-1703","1","0.899993"
"P14-1039","D09-1043","1","0.934024"
"P14-1039","D12-1023","1","0.926213"
"P19-1080","N16-1086","0","0.0497733"
"P19-1080","N18-1014","0","0.230511"
"P19-1080","J93-4004","0","0.509572"
"P19-1080","N19-1236","0","0.0974969"
"P19-1080","W05-1510","0","0.157963"
"P19-1080","D17-1238","0","0.0204016"
"P19-1080","P02-1040","0","0.104986"
"P19-1080","D14-1162","0","0.080679"
"P19-1080","N16-1015","0","0.12239"
"P19-1080","N18-1119","0","0.0313712"
"P19-1080","D15-1199","0","0.172047"
"P19-1080","H01-1055","0","0.141892"
"P19-1080","W18-6535","0","0.425227"
"P19-1080","J10-2001","1","0.82579"
"P19-1080","J18-3002","0","0.0135002"
"P19-1080","D09-1043","1","0.761571"
"P19-1080","C88-2128","0","0.719213"
"P19-1080","W18-6558","0","0.0194728"
"P93-1040","J88-2003","0","0.111036"
"P93-1040","E93-1048","1","0.868975"
"W00-0505","M92-1038","0","0.0242643"
"W00-0505","1981.tc-1.3","0","0.0738175"
"W00-0505","W98-1428","1","0.744077"
"W00-0505","1997.iwpt-1.25","1","0.761584"
"W00-0505","palmer-etal-1998-rapid","1",\N
"W00-0505","M91-1033","1",\N
"W00-0505","A00-1009","1",\N
"W00-0505","1997.mtsummit-workshop.12","1",\N
"W00-0505","A97-1039","1",\N
"W01-1403","1983.tc-1.13","0","0.0943767"
"W01-1403","P98-2139","0","0.296578"
"W01-1403","C90-3044","0","0.0602762"
"W01-1403","P97-1003","0","0.0665609"
"W01-1403","H01-1014","0","0.0775868"
"W01-1403","J94-4004","0","0.315112"
"W01-1403","1997.iwpt-1.25","0","0.237382"
"W01-1403","han-etal-2000-handling","1","0.90659"
"W01-1403","1992.tmi-1.15","0","0.690225"
"W01-1403","1997.mtsummit-workshop.12","0",\N
"W01-1403","P93-1004","0",\N
"W01-1403","C98-2134","0",\N
"W01-1403","A97-1039","1",\N
"W02-0402","H01-1065","0","0.159675"
"W02-0402","A97-1029","0","0.0166665"
"W02-0402","A97-1051","0","0.0232257"
"W02-0402","W00-0405","0","0.0704563"
"W02-0402","H01-1054","1","0.878326"
"W02-0402","A00-2018","0",\N
"W02-1610","J94-4004","0","0.0205716"
"W02-1610","P01-1030","0","0.036283"
"W02-1610","han-etal-2000-handling","1","0.829729"
"W02-1610","A00-1009","1","0.850795"
"W02-1610","W01-1403","1","0.499484"
"W02-1610","1992.tmi-1.15","0","0.070093"
"W02-1610","P93-1004","0","0.0967967"
"W02-1610","P98-2139","0","0.0198454"
"W02-1610","P00-1056","0","0.0437641"
"W02-1610","2001.mtsummit-papers.68","0","0.0227998"
"W02-1610","W01-1402","0","0.0300245"
"W02-1610","C90-3044","0","0.0470392"
"W02-1610","H01-1014","0","0.0286953"
"W02-1610","1997.iwpt-1.25","0","0.0306606"
"W02-1610","C92-3145","0",\N
"W02-1610","P02-1040","0",\N
"W02-1610","1997.mtsummit-workshop.12","0",\N
"W02-1610","C98-2134","0",\N
"W02-1610","A97-1039","1",\N
"W03-2316","E03-1036","1",\N
"W03-2316","hockenmaier-steedman-2002-acquiring","0",\N
"W03-2316","P02-1041","1",\N
"W03-2316","J93-1008","0",\N
"W03-2316","P99-1039","0",\N
"W03-2316","W98-1415","0",\N
"W03-2316","P89-1005","0",\N
"W03-2316","P96-1027","0",\N
"W03-2316","W02-2106","0",\N
"W03-2316","P01-1019","0",\N
"W04-0601","W02-2211","0","0.122892"
"W04-0601","W00-1411","0","0.0279399"
"W04-0601","W03-2316","1","0.908884"
"W04-0601","W98-1428","1","0.814548"
"W04-0601","E03-2016","0","0.0324945"
"W05-1104","C00-1007","0","0.361608"
"W05-1104","2001.mtsummit-papers.68","0","0.033838"
"W05-1104","P99-1018","0","0.0429345"
"W05-1104","W04-0601","1","0.550324"
"W05-1104","P96-1027","0","0.0907941"
"W05-1104","W03-2316","1","0.853712"
"W05-1104","P95-1034","0","0.0443608"
"W05-1104","W02-2103","0","0.0394376"
"W05-1104","P00-1012","0","0.0293126"
"W05-1104","W02-2106","0","0.0157995"
"W05-1104","A00-2023","0",\N
"W05-1104","N03-2002","0",\N
"W05-1104","P02-1040","0",\N
"W06-1403","P02-1041","0","0.221427"
"W06-1403","C00-1007","0","0.0478361"
"W06-1403","N03-1003","0","0.06126"
"W06-1403","I05-1015","0","0.0668745"
"W06-1403","W04-0601","1","0.743236"
"W06-1403","P96-1027","0","0.643683"
"W06-1403","W02-2103","0","0.226333"
"W06-1403","A00-2023","0","0.775089"
"W06-1403","P06-1140","1","0.839299"
"W06-1403","W06-1405","0",\N
"W07-2305","W06-1405","0","0.0167762"
"W07-2305","P96-1027","0","0.259341"
"W07-2305","W02-2103","0","0.239921"
"W07-2305","C00-1007","0","0.0628971"
"W07-2305","N03-1003","0","0.0185335"
"W07-2305","N03-1024","0","0.0370774"
"W07-2305","P01-1008","0","0.014744"
"W07-2305","E06-1040","0","0.252377"
"W07-2305","I05-1015","0","0.0439017"
"W07-2305","J05-1002","0","0.104413"
"W07-2305","E06-1045","1","0.840934"
"W07-2305","W05-1104","1","0.826386"
"W07-2305","W04-0601","1","0.808363"
"W07-2305","W06-1403","1","0.918352"
"W07-2305","E06-1036","0","0.0406033"
"W07-2305","A00-2023","0",\N
"W07-2305","P98-1116","0",\N
"W07-2305","C98-1112","0",\N
"W08-1703","P08-1022","1","0.870084"
"W08-1703","J07-3004","0","0.375399"
"W08-1703","D07-1028","0","0.136633"
"W08-1703","W02-2103","0","0.140253"
"W08-1703","W05-1510","0","0.228556"
"W08-1703","2007.mtsummit-ucnlg.4","1","0.860239"
"W08-1703","P02-1041","0","0.0830274"
"W08-1703","boxwell-white-2008-projecting","1","0.625813"
"W08-1703","forst-kaplan-2006-importance","0",\N
"W09-1508","boxwell-white-2008-projecting","1","0.852698"
"W09-1508","P08-1022","1","0.897279"
"W09-1508","J07-3004","0","0.0861129"
"W09-1508","W08-1703","1","0.80166"
"W09-1508","2007.mtsummit-ucnlg.4","1","0.846222"
"W11-1609","P02-1041","0","0.0658445"
"W11-1609","W05-0909","0","0.0604575"
"W11-1609","P05-1074","0","0.102165"
"W11-1609","N03-1003","0","0.0510485"
"W11-1609","J05-3002","0","0.029328"
"W11-1609","boxwell-white-2008-projecting","1","0.862058"
"W11-1609","J07-4004","0","0.0532788"
"W11-1609","J08-4005","0","0.0487996"
"W11-1609","J97-2001","0","0.0234445"
"W11-1609","P08-1022","1","0.901801"
"W11-1609","W07-2305","1","0.856953"
"W11-1609","W05-1605","0","0.026473"
"W11-1609","P09-1104","0","0.0183088"
"W11-1609","P02-1043","0","0.0255814"
"W11-1609","J07-3004","0","0.0309157"
"W11-1609","W08-1122","0","0.0534758"
"W11-1609","N06-1058","0","0.023906"
"W11-1609","P96-1027","0","0.106588"
"W11-1609","W98-1426","0","0.0479646"
"W11-1609","W02-2103","0","0.0211779"
"W11-1609","D08-1084","0","0.05548"
"W11-1609","P06-1140","1","0.898353"
"W11-1609","J03-1002","0","0.00248083"
"W11-1609","J05-1004","0","0.00854603"
"W11-1609","N03-1024","0","0.0352058"
"W11-1609","P02-1040","0","0.0824897"
"W11-1609","P04-1007","0","0.0143409"
"W11-1609","2006.amta-papers.25","0","0.0175184"
"W11-1609","D09-1043","1","0.905721"
"W11-1609","P09-1094","0","0.0184369"
"W11-1609","W06-1403","1",\N
"W11-2706","P02-1041","0","0.0390531"
"W11-2706","J07-4004","0","0.14953"
"W11-2706","W09-0103","0","0.0234494"
"W11-2706","W05-1510","0","0.227628"
"W11-2706","P04-1007","0","0.0363798"
"W11-2706","2005.mtsummit-papers.15","0","0.0193973"
"W11-2706","D09-1043","1","0.924632"
"W11-2827","P02-1041","0","0.166878"
"W11-2827","boxwell-white-2008-projecting","1","0.855475"
"W11-2827","P06-1130","0","0.417893"
"W11-2827","I05-1015","0","0.144554"
"W11-2827","J07-2003","0","0.161419"
"W11-2827","J07-4004","0","0.0673614"
"W11-2827","P08-1022","1","0.926756"
"W11-2827","N09-3004","0","0.0312616"
"W11-2827","C08-1038","0","0.0392624"
"W11-2827","J07-3004","0","0.0502725"
"W11-2827","D07-1028","0","0.0273136"
"W11-2827","P96-1027","0","0.588848"
"W11-2827","W05-1510","0","0.0456751"
"W11-2827","C10-2119","1","0.781466"
"W11-2827","N09-2041","1","0.850425"
"W11-2827","P04-1007","0","0.0151895"
"W11-2827","P98-2196","0","0.0575011"
"W11-2827","C88-2127","0","0.325114"
"W11-2827","2005.mtsummit-papers.15","0","0.296114"
"W11-2827","D09-1043","1","0.864004"
"W11-2827","W06-1403","1",\N
"W11-2827","C98-2191","0",\N
"W11-2832","W05-0909","0","0.0208607"
"W11-2832","P11-2040","1","0.695361"
"W11-2832","W10-4237","1","0.90252"
"W11-2832","C10-1012","0","0.117338"
"W11-2832","P06-1130","0","0.108586"
"W11-2832","W11-2107","0","0.00555759"
"W11-2832","W07-2416","0","0.0146291"
"W11-2832","W02-2103","0","0.249839"
"W11-2832","W04-2705","0","0.123598"
"W11-2832","W05-1510","0","0.0626047"
"W11-2832","J05-1004","0","0.0968466"
"W11-2832","P02-1040","0","0.0951709"
"W11-2832","2006.amta-papers.25","0","0.0358882"
"W11-2832","W08-2121","0","0.0614246"
"W11-2832","D09-1043","1",\N
"W11-2832","H94-1020","0",\N
"W11-2836","P02-1041","0","0.0163662"
"W11-2836","P08-1022","1","0.829282"
"W11-2836","J07-3004","0","0.018502"
"W11-2836","P96-1027","0","0.203094"
"W11-2836","C10-2119","1","0.815981"
"W11-2836","N09-2041","1","0.843001"
"W11-2836","D09-1043","1","0.853817"
"W11-2836","W11-2827","1","0.800009"
"W12-1525","W04-2705","0",\N
"W12-1525","C10-1012","1",\N
"W12-1525","W08-2121","0",\N
"W12-1525","W11-2832","1",\N
"W12-1525","W07-2416","0",\N
"W12-1525","J05-1004","0",\N
"W12-1525","W12-1528","1",\N
"W12-1525","W04-3250","0",\N
"W12-1525","kow-belz-2012-lg","1",\N
"W12-1525","W12-1527","1",\N
"W12-1528","D10-1055","1","0.857985"
"W12-1528","2006.amta-papers.25","0","0.0339254"
"W12-1528","D09-1043","1","0.841908"
"W13-2104","D09-1043","1","0.90494"
"W13-2104","W98-1426","0","0.10689"
"W13-2104","J10-2001","1","0.919289"
"W13-2104","W98-1411","0","0.192408"
"W13-2104","P06-1140","1","0.838674"
"W13-2104","W08-0111","1","0.861446"
"W13-2104","J03-4002","0","0.0450119"
"W14-4424","D12-1023","1",\N
"W14-4424","P02-1043","0",\N
"W14-4424","W11-2832","1",\N
"W14-4424","P08-1022","1",\N
"W14-4424","Q13-1005","0",\N
"W14-4424","W04-3250","0",\N
"W14-4424","P13-2107","0",\N
"W14-4424","C12-1123","0",\N
"W15-0611","Q13-1005","0","0.0143705"
"W15-0611","P05-1074","0","0.115102"
"W15-0611","P14-1133","0","0.0129923"
"W15-0611","P09-1053","0","0.0458946"
"W15-0611","D08-1069","0","0.0752837"
"W15-0611","W11-2107","0","0.0343506"
"W15-0611","C04-1051","0","0.0143944"
"W15-0611","E12-1048","0","0.0229144"
"W15-0611","W13-1738","0","0.0236171"
"W15-0611","D13-1090","0","0.0291762"
"W15-0611","N12-1019","0","0.0727964"
"W15-0611","P02-1040","0","0.0915643"
"W15-0611","W03-1209","0","0.289668"
"W15-0611","U06-1019","0","0.0515201"
"W15-0611","Q14-1034","0","0.0577806"
"W15-4704","D10-1049","0","0.106038"
"W15-4704","H05-1042","0","0.0141035"
"W15-4704","W02-1001","0","0.0372484"
"W15-4704","P13-1123","0","0.0386141"
"W15-4704","P01-1023","0","0.439916"
"W15-4704","P08-1022","1","0.810838"
"W15-4704","W09-3941","0","0.0222388"
"W15-4704","W13-2104","1","0.853284"
"W15-4704","P13-1138","0","0.051963"
"W15-4704","D09-1043","1","0.871654"
"W15-4704","D12-1023","1","0.872955"
"W15-4704","D10-1119","0","0.0332136"
"W15-4704","J10-2001","1","0.835887"
"W15-4704","D09-1042","0","0.0138297"
"W15-4704","D11-1038","0","0.0221143"
"W15-4704","J14-4003","0","0.0121482"
"W15-4704","Q13-1005","0",\N
"W15-4704","W14-4404","0",\N
"W16-1718","boxwell-white-2008-projecting","1","0.935668"
"W16-1718","J07-4004","0","0.133105"
"W16-1718","P14-1039","1","0.895954"
"W16-1718","P08-1022","1","0.866235"
"W16-1718","P10-1035","0","0.055691"
"W16-1718","W13-3711","0","0.0508635"
"W16-1718","P02-1043","0","0.152479"
"W16-1718","J07-3004","0","0.294656"
"W16-1718","W09-3306","0","0.0554518"
"W16-1718","W10-0702","0","0.314378"
"W16-1718","P08-2026","0","0.0823214"
"W16-1718","C92-2105","0","0.547533"
"W16-1718","J05-1004","0","0.201539"
"W16-1718","P06-1055","0","0.124646"
"W16-1718","C10-2119","1","0.857669"
"W16-1718","W11-2802","0","0.077329"
"W16-1718","D09-1043","1","0.884577"
"W16-1718","D12-1023","1","0.903181"
"W16-6638","Q13-1005","0","0.0301634"
"W16-6638","W11-2832","1","0.784685"
"W16-6638","W13-3721","0","0.0235867"
"W16-6638","W13-2105","0","0.128617"
"W16-6638","J07-3004","0","0.0365219"
"W16-6638","D11-1140","0","0.036424"
"W16-6638","J93-2004","0","0.0548939"
"W16-6638","C12-1123","0","0.0175424"
"W16-6638","C12-1130","0","0.0335404"
"W16-6638","L16-1262","0","0.0492523"
"W16-6638","S14-2008","0","0.0279607"
"W16-6638","D09-1085","0","0.0292538"
"W16-6638","L16-1376","0","0.0156617"
"W16-6638","W14-4424","1","0.852768"
"W17-3702","W13-2322","0","0.0328223"
"W17-3702","boxwell-white-2008-projecting","1","0.790407"
"W17-3702","W16-1718","1","0.711419"
"W17-3702","J07-3004","0","0.0581616"
"W17-3702","N13-1132","0","0.0276773"
"W17-3702","D12-1096","0","0.19683"
"W17-3702","P06-1055","0",\N
"W17-5002","P16-1036","0","0.0301705"
"W17-5002","I11-1150","0","0.075103"
"W17-5002","D15-1181","0","0.012728"
"W17-5002","P17-1044","0","0.123453"
"W17-5002","W15-0611","1","0.639682"
"W17-5002","N15-1111","0","0.406871"
"W17-5002","D14-1181","0","0.220259"
"W17-5002","D14-1162","0","0.0809616"
"W17-5002","N15-1091","0","0.0646983"
"W17-5002","Q16-1019","0","0.0414685"
"W17-5002","P15-2114","0",\N
"W17-5405","D12-1096","0","0.0134449"
"W17-5405","P14-2084","0","0.022055"
"W17-6208","Q14-1026","0","0.0273353"
"W17-6208","P96-1011","0","0.227479"
"W17-6208","levy-andrew-2006-tregex","0",\N
"W17-6208","C10-1053","0",\N
"W17-6208","J03-2002","0",\N
"W17-6208","Q13-1005","0",\N
"W17-6208","D16-1262","0",\N
"W18-0502","N16-1172","0","0.0250028"
"W18-0502","D14-1181","0","0.0108042"
"W18-0502","I11-1150","0","0.0482249"
"W18-0502","E17-1083","0","0.128412"
"W18-0502","W16-1718","1","0.93011"
"W18-0502","P13-1158","0","0.0376992"
"W18-0502","N13-1092","0","0.0704486"
"W18-0502","W15-0611","1","0.662908"
"W18-0502","W03-1209","0","0.0419867"
"W18-0502","N15-1111","0","0.0484112"
"W18-0502","W16-2323","0","0.0234032"
"W18-3605","C00-1007","0","0.403658"
"W18-3605","C10-1012","0","0.575986"
"W18-3605","K17-2001","0","0.0699478"
"W18-3605","P17-1014","0","0.0445934"
"W18-3605","N13-1138","0","0.0668284"
"W18-3605","P16-2008","0","0.0571985"
"W18-3605","N16-1077","0","0.161547"
"W18-3605","N15-1012","0","0.485348"
"W18-3605","W18-3601","0","0.077911"
"W18-3605","P07-1041","0","0.0491444"
"W18-3605","N09-2057","0","0.45783"
"W18-3605","N15-1093","0","0.0231182"
"W18-3605","N16-1058","0","0.429239"
"W18-3605","C08-1038","0","0.269549"
"W18-3605","W11-2833","0","0.0639162"
"W18-3605","D15-1199","0","0.112705"
"W18-3605","D12-1023","1","0.960917"
"W18-6528","W11-2835","0","0.062773"
"W18-6528","C10-1012","0","0.0626774"
"W18-6528","boxwell-white-2008-projecting","1","0.744415"
"W18-6528","P17-1112","0","0.05692"
"W18-6528","P06-1088","0","0.124024"
"W18-6528","W11-2832","1","0.861691"
"W18-6528","P08-1022","1","0.694564"
"W18-6528","W10-4237","0","0.0540705"
"W18-6528","J17-1001","0","0.017255"
"W18-6528","W05-1510","0","0.0716916"
"W18-6528","J05-1004","0","0.0380014"
"W18-6528","C08-1038","0","0.0821377"
"W18-6528","N16-1058","0","0.0341997"
"W18-6528","J07-3004","0","0.0530952"
"W18-6528","E17-1061","0","0.0404563"
"W18-6528","D16-1032","0","0.0191244"
"W18-6528","C10-2119","1","0.769883"
"W18-6528","W18-3605","1","0.831539"
"W18-6528","W11-2706","1","0.749391"
"W18-6528","P17-1014","0","0.026067"
"W18-6528","N09-2041","1","0.791019"
"W18-6528","N16-1026","0","0.0564264"
"W18-6528","Q14-1026","0","0.0554604"
"W18-6528","N15-1012","0","0.0437551"
"W18-6528","N16-1086","0","0.0131075"
"W18-6528","D15-1199","0","0.0605883"
"W18-6528","W08-1703","1","0.749937"
"W18-6528","D09-1043","1","0.810009"
"W18-6528","D12-1023","1","0.807404"
"W18-6528","D17-1239","0","0.0233492"
"W19-0123","Q13-1005","0","0.0142398"
"W19-0123","J07-4004","0","0.0467633"
"W19-0123","forst-kaplan-2006-importance","0","0.0897121"
"W19-0123","J07-3004","0","0.0394038"
"W19-0123","D16-1262","0","0.0444117"
"W19-0123","W17-6208","1","0.920632"
"W19-0123","W08-1703","1","0.723347"
"W19-5608","al-sabbagh-girju-2012-yadac","0","0.0247246"
"W19-5608","pasha-etal-2014-madamira","0","0.0561152"
"W19-5608","baroni-bernardini-2004-bootcat","0","0.1338"
"W19-5608","R13-1026","0","0.0869912"
"W19-5608","N04-4038","0","0.114137"
"W19-5608","W05-0708","0","0.0856974"
"W19-5608","J93-1003","0","0.695353"
"W19-5608","maamouri-etal-2014-developing","0","0.0342354"
"W19-5608","W12-2301","0","0.0623002"
"W19-5608","W00-0901","0","0.233702"
"W19-5608","P06-1086","0","0.151445"
"W19-5608","I05-3005","0","0.177205"
"W19-8611","N19-1236","0","0.0289361"
"W19-8611","P19-1080","1","0.854136"
"W19-8611","P02-1040","0","0.103184"
"W19-8611","P18-1026","0","0.0294752"
"W19-8611","W18-6535","0","0.0272349"
"W19-8611","J11-3003","0","0.0228043"
"W19-8611","P18-1150","0","0.0215391"
"W19-8611","W18-6539","0","0.0581256"
"W19-8611","P15-1150","0","0.10851"
"W19-8611","W19-2308","0","0.0263858"
"W19-8611","J10-2001","1","0.848389"
"W19-8611","W18-6501","0","0.0215018"
"W98-1428","W96-0416","0","0.0610454"
"W98-1428","A97-1039","0","0.131348"
"W98-1428","J97-1004","0","0.0282869"
"W98-1428","P92-1034","0","0.201859"
"W98-1428","J95-1002","0","0.0605868"
